method,time_days,skill_mean,skill_std
Traditional-NPZ,0.0,0.8608027515459322,0.07627330983302345
Traditional-NPZ,0.006944444444444444,0.8608079709349662,0.07626339188395767
Traditional-NPZ,0.013888888888888888,0.8608130723520326,0.07625343867269176
Traditional-NPZ,0.020833333333333332,0.8608181077932173,0.07624347505149107
Traditional-NPZ,0.027777777777777776,0.8608229857112034,0.0762335154500875
Traditional-NPZ,0.034722222222222224,0.860827768109309,0.07622350924425558
Traditional-NPZ,0.041666666666666664,0.8608324235399522,0.0762134566603488
Traditional-NPZ,0.048611111111111105,0.8608368954991218,0.07620340694072969
Traditional-NPZ,0.05555555555555555,0.8608412825014745,0.07619338252005144
Traditional-NPZ,0.0625,0.8608455501901784,0.07618331427626161
Traditional-NPZ,0.06944444444444445,0.8608497340179396,0.07617321066775638
Traditional-NPZ,0.07638888888888888,0.8608537354291618,0.07616317049271687
Traditional-NPZ,0.08333333333333333,0.8608575965974652,0.07615312959313791
Traditional-NPZ,0.09027777777777778,0.8608612964973972,0.07614324889042418
Traditional-NPZ,0.09722222222222221,0.8608649032371697,0.07613341626779364
Traditional-NPZ,0.10416666666666666,0.8608683163069081,0.07612378849585787
Traditional-NPZ,0.1111111111111111,0.8608715120947317,0.07611428384982097
Traditional-NPZ,0.11805555555555555,0.860874511078542,0.07610491994553695
Traditional-NPZ,0.125,0.8608772684516098,0.07609571883556626
Traditional-NPZ,0.13194444444444445,0.8608797142568424,0.07608683627630759
Traditional-NPZ,0.1388888888888889,0.8608819217010438,0.07607807187676817
Traditional-NPZ,0.14583333333333331,0.8608839607400519,0.07606937629107821
Traditional-NPZ,0.15277777777777776,0.8608858108203518,0.07606074240864297
Traditional-NPZ,0.1597222222222222,0.8608875108809425,0.07605218056881306
Traditional-NPZ,0.16666666666666666,0.8608890204521581,0.07604377605815003
Traditional-NPZ,0.1736111111111111,0.8608902702358164,0.07603535364905334
Traditional-NPZ,0.18055555555555555,0.8608912694829212,0.07602705879380449
Traditional-NPZ,0.1875,0.8608920105557799,0.07601891184833924
Traditional-NPZ,0.19444444444444442,0.860892486881556,0.07601075934931226
Traditional-NPZ,0.20138888888888887,0.860892597213449,0.07600273212770833
Traditional-NPZ,0.20833333333333331,0.8608923671077497,0.07599484081496075
Traditional-NPZ,0.21527777777777776,0.8608918627332399,0.07598705157293695
Traditional-NPZ,0.2222222222222222,0.8608909701700623,0.07597944016350813
Traditional-NPZ,0.22916666666666666,0.8608897315798608,0.07597203899284895
Traditional-NPZ,0.2361111111111111,0.8608881733719327,0.07596471530944791
Traditional-NPZ,0.24305555555555555,0.8608861768733822,0.07595768027852291
Traditional-NPZ,0.25,0.8608837125889519,0.07595087582932487
Traditional-NPZ,0.2569444444444444,0.8608808434607261,0.07594433878821273
Traditional-NPZ,0.2638888888888889,0.8608775266878318,0.07593804245373166
Traditional-NPZ,0.2708333333333333,0.8608738202135429,0.07593203915901392
Traditional-NPZ,0.2777777777777778,0.8608696557026788,0.075926251349084
Traditional-NPZ,0.2847222222222222,0.8608651097166268,0.07592069353813707
Traditional-NPZ,0.29166666666666663,0.8608602033208772,0.0759153016955666
Traditional-NPZ,0.2986111111111111,0.8608549633602467,0.07591002035211168
Traditional-NPZ,0.3055555555555555,0.860849368476319,0.07590493849068203
Traditional-NPZ,0.3125,0.8608433983988792,0.07590012463707807
Traditional-NPZ,0.3194444444444444,0.8608369532646662,0.07589551623180657
Traditional-NPZ,0.3263888888888889,0.8608300042108534,0.07589103450535634
Traditional-NPZ,0.3333333333333333,0.8608226764320115,0.07588670592826732
Traditional-NPZ,0.34027777777777773,0.8608148657116624,0.07588251046318166
Traditional-NPZ,0.3472222222222222,0.8608066317864683,0.07587847327024506
Traditional-NPZ,0.35416666666666663,0.8607978212482106,0.07587481488678435
Traditional-NPZ,0.3611111111111111,0.8607885078825016,0.07587152427561179
Traditional-NPZ,0.3680555555555555,0.8607787630571352,0.07586837215378861
Traditional-NPZ,0.375,0.8607685945202656,0.07586525842995902
Traditional-NPZ,0.3819444444444444,0.8607579731562436,0.0758623162984148
Traditional-NPZ,0.38888888888888884,0.8607467146070752,0.07585985492563146
Traditional-NPZ,0.3958333333333333,0.8607347543136935,0.07585787961993173
Traditional-NPZ,0.40277777777777773,0.8607223003676833,0.07585624993663354
Traditional-NPZ,0.4097222222222222,0.860709294989233,0.07585473990431729
Traditional-NPZ,0.41666666666666663,0.8606958907444776,0.07585333679069861
Traditional-NPZ,0.4236111111111111,0.8606818911273387,0.07585220321320105
Traditional-NPZ,0.4305555555555555,0.860667374324123,0.07585126958271411
Traditional-NPZ,0.4375,0.8606522811306774,0.07585066051308677
Traditional-NPZ,0.4444444444444444,0.8606364646089347,0.07585053044599577
Traditional-NPZ,0.45138888888888884,0.8606200375275366,0.07585073265420243
Traditional-NPZ,0.4583333333333333,0.8606028441955254,0.07585140006545531
Traditional-NPZ,0.46527777777777773,0.8605849351868686,0.07585240716748648
Traditional-NPZ,0.4722222222222222,0.8605663480963487,0.07585380518037417
Traditional-NPZ,0.47916666666666663,0.8605470692826155,0.07585567990660841
Traditional-NPZ,0.4861111111111111,0.8605270348258981,0.07585795582197795
Traditional-NPZ,0.4930555555555555,0.8605063330290622,0.07586056121264804
Traditional-NPZ,0.5,0.8604850296578457,0.07586336414514336
Traditional-NPZ,0.5069444444444444,0.8604631134727182,0.07586629964022054
Traditional-NPZ,0.5138888888888888,0.860440634211875,0.07586958054878518
Traditional-NPZ,0.5208333333333333,0.8604172814601311,0.07587320521014013
Traditional-NPZ,0.5277777777777778,0.8603933215566442,0.0758771132452986
Traditional-NPZ,0.5347222222222222,0.8603687579947189,0.07588120887891714
Traditional-NPZ,0.5416666666666666,0.860343509711135,0.07588580305409272
Traditional-NPZ,0.548611111111111,0.8603176480713147,0.0758907116431332
Traditional-NPZ,0.5555555555555556,0.8602911539368152,0.07589579499635458
Traditional-NPZ,0.5625,0.8602641455617354,0.07590111243596113
Traditional-NPZ,0.5694444444444444,0.8602363094130456,0.07590670999004792
Traditional-NPZ,0.5763888888888888,0.8602077068495306,0.07591262164712483
Traditional-NPZ,0.5833333333333333,0.8601783441411291,0.07591884091698599
Traditional-NPZ,0.5902777777777778,0.8601482725394354,0.07592540362270332
Traditional-NPZ,0.5972222222222222,0.8601174526792272,0.07593228923360958
Traditional-NPZ,0.6041666666666666,0.8600859597511253,0.07593940174571162
Traditional-NPZ,0.611111111111111,0.8600535969985905,0.07594679060050129
Traditional-NPZ,0.6180555555555555,0.8600204683800354,0.07595444968929804
Traditional-NPZ,0.625,0.8599865627665839,0.07596265321093705
Traditional-NPZ,0.6319444444444444,0.8599520680887811,0.07597111274400323
Traditional-NPZ,0.6388888888888888,0.8599169917419007,0.07597970308372985
Traditional-NPZ,0.6458333333333333,0.8598812886812557,0.0759885420265931
Traditional-NPZ,0.6527777777777778,0.8598449157643805,0.07599768496511913
Traditional-NPZ,0.6597222222222222,0.8598078138466899,0.07600712415330177
Traditional-NPZ,0.6666666666666666,0.8597699093642475,0.07601683183973679
Traditional-NPZ,0.673611111111111,0.8597311926582395,0.0760267587577571
Traditional-NPZ,0.6805555555555555,0.8596915837841497,0.07603702969268368
Traditional-NPZ,0.6875,0.8596511271252448,0.07604771119138556
Traditional-NPZ,0.6944444444444444,0.8596098457872656,0.07605895147663286
Traditional-NPZ,0.7013888888888888,0.8595676210192297,0.07607065733675568
Traditional-NPZ,0.7083333333333333,0.8595245224681353,0.07608260809568329
Traditional-NPZ,0.7152777777777778,0.8594805171649845,0.07609499982988453
Traditional-NPZ,0.7222222222222222,0.8594357388924406,0.07610781983982293
Traditional-NPZ,0.7291666666666666,0.859390059521066,0.07612100514121885
Traditional-NPZ,0.736111111111111,0.8593434943116492,0.07613447047700883
Traditional-NPZ,0.7430555555555555,0.8592961307193624,0.07614822228428446
Traditional-NPZ,0.75,0.8592478145728762,0.0761624925546325
Traditional-NPZ,0.7569444444444444,0.8591984912178849,0.0761771554427913
Traditional-NPZ,0.7638888888888888,0.8591483035093853,0.07619215500590919
Traditional-NPZ,0.7708333333333333,0.8590971767789177,0.07620734246549316
Traditional-NPZ,0.7777777777777777,0.8590451021362706,0.07622291251962283
Traditional-NPZ,0.7847222222222222,0.8589920942808512,0.076239022684088
Traditional-NPZ,0.7916666666666666,0.8589382189803046,0.07625551663642884
Traditional-NPZ,0.798611111111111,0.8588832558017372,0.07627240433682778
Traditional-NPZ,0.8055555555555555,0.8588270237351231,0.07628965382849205
Traditional-NPZ,0.8125,0.8587696605432577,0.07630738107485849
Traditional-NPZ,0.8194444444444444,0.8587112988670049,0.07632561995072848
Traditional-NPZ,0.8263888888888888,0.8586518510671989,0.07634438689523441
Traditional-NPZ,0.8333333333333333,0.8585915485432556,0.07636359427731679
Traditional-NPZ,0.8402777777777777,0.858530265244868,0.07638313274514873
Traditional-NPZ,0.8472222222222222,0.8584680618234983,0.07640306490462143
Traditional-NPZ,0.8541666666666666,0.8584046777274745,0.07642343550131872
Traditional-NPZ,0.861111111111111,0.8583403246105061,0.07644423579668465
Traditional-NPZ,0.8680555555555555,0.8582749030896057,0.07646556153904117
Traditional-NPZ,0.875,0.858208310978487,0.07648733973062082
Traditional-NPZ,0.8819444444444444,0.8581408013968667,0.07650968071490166
Traditional-NPZ,0.8888888888888888,0.8580722382534486,0.07653241893294979
Traditional-NPZ,0.8958333333333333,0.858002813219974,0.07655572113328563
Traditional-NPZ,0.9027777777777777,0.8579325754943269,0.07657965080745063
Traditional-NPZ,0.9097222222222222,0.8578613491336929,0.07660417253932482
Traditional-NPZ,0.9166666666666666,0.85778896722927,0.07662903156779773
Traditional-NPZ,0.923611111111111,0.8577153241944173,0.07665424081260483
Traditional-NPZ,0.9305555555555555,0.8576404333164696,0.07667992455343575
Traditional-NPZ,0.9375,0.8575641391473108,0.07670605927223993
Traditional-NPZ,0.9444444444444444,0.8574866762864338,0.07673240819689392
Traditional-NPZ,0.9513888888888888,0.8574082753280668,0.07675945145374545
Traditional-NPZ,0.9583333333333333,0.8573286516848957,0.07678696592896167
Traditional-NPZ,0.9652777777777777,0.8572479322854266,0.07681491763339701
Traditional-NPZ,0.9722222222222222,0.857165957136865,0.07684323227409591
Traditional-NPZ,0.9791666666666666,0.8570828587403828,0.07687209517261294
Traditional-NPZ,0.986111111111111,0.8569985845448034,0.07690154588277752
Traditional-NPZ,0.9930555555555555,0.8569128713760799,0.0769316399448398
Traditional-NPZ,1.0,0.8568259736407043,0.0769622886212858
Traditional-NPZ,1.0069444444444444,0.8567378364854242,0.07699337785132221
Traditional-NPZ,1.0138888888888888,0.8566484863600724,0.07702500307974901
Traditional-NPZ,1.0208333333333333,0.8565577565313833,0.07705723870997218
Traditional-NPZ,1.0277777777777777,0.8564657161952387,0.07708998014937506
Traditional-NPZ,1.034722222222222,0.856372612346538,0.07712340031616383
Traditional-NPZ,1.0416666666666665,0.8562783343258936,0.07715746855239566
Traditional-NPZ,1.0486111111111112,0.8561828687611637,0.07719218751720032
Traditional-NPZ,1.0555555555555556,0.8560861282493366,0.07722747241912026
Traditional-NPZ,1.0625,0.8559882067649411,0.07726343134153184
Traditional-NPZ,1.0694444444444444,0.8558890698159062,0.07729995250295395
Traditional-NPZ,1.0763888888888888,0.8557888289140083,0.0773371591598266
Traditional-NPZ,1.0833333333333333,0.8556874302558835,0.07737473501901881
Traditional-NPZ,1.0902777777777777,0.855584886170808,0.0774128325171548
Traditional-NPZ,1.097222222222222,0.8554812099555364,0.07745152956997252
Traditional-NPZ,1.1041666666666665,0.8553764145944162,0.07749100954328628
Traditional-NPZ,1.1111111111111112,0.8552703812714564,0.07753125093449058
Traditional-NPZ,1.1180555555555556,0.8551631430787624,0.07757202982447478
Traditional-NPZ,1.125,0.8550546584032565,0.07761339466854444
Traditional-NPZ,1.1319444444444444,0.8549452309367774,0.0776557348939537
Traditional-NPZ,1.1388888888888888,0.8548348816282755,0.07769880944827172
Traditional-NPZ,1.1458333333333333,0.854723481394884,0.07774244338866293
Traditional-NPZ,1.1527777777777777,0.8546111989785639,0.07778669789832143
Traditional-NPZ,1.159722222222222,0.8544977093514075,0.07783151182394348
Traditional-NPZ,1.1666666666666665,0.8543830351739943,0.0778771683682467
Traditional-NPZ,1.173611111111111,0.8542670704985655,0.07792361181069139
Traditional-NPZ,1.1805555555555556,0.8541496122852363,0.07797094864346107
Traditional-NPZ,1.1875,0.8540308277878501,0.0780188133362737
Traditional-NPZ,1.1944444444444444,0.8539107388320645,0.07806743286915427
Traditional-NPZ,1.2013888888888888,0.8537895607665522,0.07811668305639378
Traditional-NPZ,1.2083333333333333,0.8536674048752326,0.07816664792051682
Traditional-NPZ,1.2152777777777777,0.8535444004924023,0.07821751168828296
Traditional-NPZ,1.222222222222222,0.8534205100663134,0.07826921455413102
Traditional-NPZ,1.2291666666666665,0.8532953153542872,0.07832165001518977
Traditional-NPZ,1.236111111111111,0.8531689445075945,0.07837481108123232
Traditional-NPZ,1.2430555555555556,0.8530416516394003,0.07842879735642778
Traditional-NPZ,1.25,0.8529134750830909,0.07848344093152379
Traditional-NPZ,1.2569444444444444,0.8527842717941951,0.07853870309271282
Traditional-NPZ,1.2638888888888888,0.8526540365911929,0.07859485874530116
Traditional-NPZ,1.2708333333333333,0.8525227403265828,0.07865181158578177
Traditional-NPZ,1.2777777777777777,0.8523906271338827,0.07870967621163755
Traditional-NPZ,1.284722222222222,0.8522573419715592,0.0787683947427448
Traditional-NPZ,1.2916666666666665,0.8521229922781499,0.07882805519929023
Traditional-NPZ,1.298611111111111,0.8519877239160762,0.07888824969700385
Traditional-NPZ,1.3055555555555556,0.8518514931664263,0.07894928003901036
Traditional-NPZ,1.3125,0.8517145679353865,0.07901112625245274
Traditional-NPZ,1.3194444444444444,0.8515768955423488,0.07907371487502288
Traditional-NPZ,1.3263888888888888,0.8514386006512886,0.07913708012600167
Traditional-NPZ,1.3333333333333333,0.8512995447038827,0.07920126523828822
Traditional-NPZ,1.3402777777777777,0.8511597180040075,0.07926623138906344
Traditional-NPZ,1.347222222222222,0.8510191403154601,0.07933188408824363
Traditional-NPZ,1.3541666666666665,0.850877758715237,0.07939836633805611
Traditional-NPZ,1.361111111111111,0.8507357285556051,0.07946550082580649
Traditional-NPZ,1.3680555555555556,0.8505928674116201,0.07953325414552685
Traditional-NPZ,1.375,0.8504494674978182,0.07960174773233396
Traditional-NPZ,1.3819444444444444,0.8503056663988926,0.07967096305066725
Traditional-NPZ,1.3888888888888888,0.8501610738883605,0.07974083518924045
Traditional-NPZ,1.3958333333333333,0.8500159872565384,0.07981164604607921
Traditional-NPZ,1.4027777777777777,0.8498702793128984,0.07988339087395979
Traditional-NPZ,1.409722222222222,0.8497242184161654,0.07995582946317391
Traditional-NPZ,1.4166666666666665,0.8495777972831269,0.08002898099038243
Traditional-NPZ,1.423611111111111,0.849430879257833,0.08010288294311792
Traditional-NPZ,1.4305555555555556,0.8492835026582878,0.08017767422167661
Traditional-NPZ,1.4375,0.8491358413832995,0.08025327056957929
Traditional-NPZ,1.4444444444444444,0.8489877704107113,0.08032959521136661
Traditional-NPZ,1.4513888888888888,0.8488390645912514,0.0804065864074599
Traditional-NPZ,1.4583333333333333,0.8486898874574637,0.08048414171999554
Traditional-NPZ,1.4652777777777777,0.8485401519055171,0.08056222257295902
Traditional-NPZ,1.472222222222222,0.8483898613825678,0.08064065219388888
Traditional-NPZ,1.4791666666666665,0.848239241293967,0.08071976036675887
Traditional-NPZ,1.486111111111111,0.8480884190552843,0.08079935723057335
Traditional-NPZ,1.4930555555555556,0.8479373410481267,0.08087949210230358
Traditional-NPZ,1.5,0.8477859467880776,0.08096001201374854
Traditional-NPZ,1.5069444444444444,0.8476342707470794,0.08104112514729193
Traditional-NPZ,1.5138888888888888,0.8474822186249339,0.08112298472876345
Traditional-NPZ,1.5208333333333333,0.8473301219709597,0.08120538912156083
Traditional-NPZ,1.5277777777777777,0.8471779946208097,0.08128813321462247
Traditional-NPZ,1.534722222222222,0.8470259220659262,0.0813713178334034
Traditional-NPZ,1.5416666666666665,0.8468742338203838,0.0814550012565899
Traditional-NPZ,1.548611111111111,0.8467226444627246,0.08153919322282392
Traditional-NPZ,1.5555555555555554,0.846571156193833,0.08162389090617941
Traditional-NPZ,1.5625,0.8464198328754862,0.08170914482163252
Traditional-NPZ,1.5694444444444444,0.8462688962057846,0.08179490257101962
Traditional-NPZ,1.5763888888888888,0.8461184313738431,0.08188139506114965
Traditional-NPZ,1.5833333333333333,0.8459685375472586,0.08196847692449863
Traditional-NPZ,1.5902777777777777,0.8458189481025307,0.08205624095483592
Traditional-NPZ,1.597222222222222,0.8456700318571079,0.08214450185091951
Traditional-NPZ,1.6041666666666665,0.8455215809095977,0.08223397538447719
Traditional-NPZ,1.611111111111111,0.8453739901363414,0.08232398046101459
Traditional-NPZ,1.6180555555555554,0.8452274007517184,0.08241428696352711
Traditional-NPZ,1.625,0.8450816889330217,0.08250474016867518
Traditional-NPZ,1.6319444444444444,0.8449366455721458,0.0825956267632795
Traditional-NPZ,1.6388888888888888,0.8447921690627809,0.08268773506425632
Traditional-NPZ,1.6458333333333333,0.8446485017343293,0.08278043696693363
Traditional-NPZ,1.6527777777777777,0.844505975619069,0.08287366835641816
Traditional-NPZ,1.659722222222222,0.844364628063113,0.08296714899702717
Traditional-NPZ,1.6666666666666665,0.8442245870797772,0.08306080328806466
Traditional-NPZ,1.673611111111111,0.8440856584829066,0.08315476493464106
Traditional-NPZ,1.6805555555555554,0.8439477457014046,0.08324969490699906
Traditional-NPZ,1.6875,0.8438110404510671,0.08334514354683906
Traditional-NPZ,1.6944444444444444,0.8436759987348135,0.08344034229326631
Traditional-NPZ,1.7013888888888888,0.8435427482173868,0.08353543599910437
Traditional-NPZ,1.7083333333333333,0.8434111470296544,0.08363028718670955
Traditional-NPZ,1.7152777777777777,0.8432812470128055,0.08372541786436052
Traditional-NPZ,1.722222222222222,0.8431528040195407,0.08382100626471677
Traditional-NPZ,1.7291666666666665,0.8430261939640148,0.08391682623267654
Traditional-NPZ,1.736111111111111,0.8429014672620719,0.08401264959624832
Traditional-NPZ,1.7430555555555554,0.8427788302852788,0.0841085783275243
Traditional-NPZ,1.75,0.8426581404712359,0.08420472590017547
Traditional-NPZ,1.7569444444444444,0.8425396486368568,0.08430102683270117
Traditional-NPZ,1.7638888888888888,0.8424233229780033,0.08439763310081747
Traditional-NPZ,1.7708333333333333,0.8423095530698512,0.08449417150179833
Traditional-NPZ,1.7777777777777777,0.8421982525515181,0.08459005474858682
Traditional-NPZ,1.784722222222222,0.8420894842506277,0.08468556949041979
Traditional-NPZ,1.7916666666666665,0.8419833291896468,0.08478062542473717
Traditional-NPZ,1.798611111111111,0.8418799435811566,0.08487536548031868
Traditional-NPZ,1.8055555555555554,0.8417794773698543,0.08497000894754765
Traditional-NPZ,1.8125,0.8416817118278532,0.08506488087085273
Traditional-NPZ,1.8194444444444444,0.8415869091615663,0.0851596877941355
Traditional-NPZ,1.8263888888888888,0.841495139684169,0.08525428735927153
Traditional-NPZ,1.8333333333333333,0.8414066734608993,0.0853484156119621
Traditional-NPZ,1.8402777777777777,0.8413216015534933,0.08544172071372684
Traditional-NPZ,1.847222222222222,0.8412401831780209,0.08553431823232649
Traditional-NPZ,1.8541666666666665,0.8411624858077785,0.08562602510363423
Traditional-NPZ,1.861111111111111,0.8410882759418631,0.08571689290225323
Traditional-NPZ,1.8680555555555554,0.8410178715974881,0.08580706622589467
Traditional-NPZ,1.875,0.840951395032945,0.08589608851231027
Traditional-NPZ,1.8819444444444444,0.8408887160086223,0.08598461818899139
Traditional-NPZ,1.8888888888888888,0.84082957048503,0.08607272050484045
Traditional-NPZ,1.8958333333333333,0.8407741439849405,0.08616006790852235
Traditional-NPZ,1.9027777777777777,0.8407224117010723,0.08624666552786714
Traditional-NPZ,1.909722222222222,0.840674738499036,0.08633252224426996
Traditional-NPZ,1.9166666666666665,0.8406312299753661,0.08641761416854594
Traditional-NPZ,1.923611111111111,0.8405920992271319,0.08650216709169516
Traditional-NPZ,1.9305555555555554,0.8405573234344496,0.0865855151886323
Traditional-NPZ,1.9375,0.8405270987818898,0.08666776305963891
Traditional-NPZ,1.9444444444444444,0.8405014291616576,0.08674896768121179
Traditional-NPZ,1.9513888888888888,0.8404802035604098,0.08682934010519783
Traditional-NPZ,1.9583333333333333,0.8404636890932405,0.08690880389795533
Traditional-NPZ,1.9652777777777777,0.8404512789372548,0.0869877386958249
Traditional-NPZ,1.972222222222222,0.8404435698430524,0.08706563928364322
Traditional-NPZ,1.9791666666666665,0.8404403838088692,0.08714287312854072
Traditional-NPZ,1.986111111111111,0.8404419523798851,0.08721845171205844
Traditional-NPZ,1.9930555555555554,0.8404485731514788,0.08729187944286226
Traditional-NPZ,2.0,0.8404599324091796,0.08736412738507074
Traditional-NPZ,2.006944444444444,0.8404759936445391,0.08743482359716238
Traditional-NPZ,2.013888888888889,0.8404966691785054,0.08750371756514046
Traditional-NPZ,2.020833333333333,0.8405225037469959,0.08757074528788407
Traditional-NPZ,2.0277777777777777,0.8405533615857271,0.08763577749358133
Traditional-NPZ,2.0347222222222223,0.8405893965088038,0.08769877293233277
Traditional-NPZ,2.0416666666666665,0.8406306060490769,0.08776036305048017
Traditional-NPZ,2.048611111111111,0.8406765282830879,0.08782045628474386
Traditional-NPZ,2.0555555555555554,0.8407280601160098,0.0878780048407122
Traditional-NPZ,2.0625,0.840785005308045,0.08793302672629756
Traditional-NPZ,2.069444444444444,0.8408471108166579,0.08798544763946023
Traditional-NPZ,2.076388888888889,0.8409145453935172,0.08803577516794431
Traditional-NPZ,2.083333333333333,0.8409876497998191,0.08808323247089592
Traditional-NPZ,2.0902777777777777,0.8410660491186586,0.08812799373852725
Traditional-NPZ,2.0972222222222223,0.8411496256628802,0.08817091207467734
Traditional-NPZ,2.1041666666666665,0.8412385357691767,0.08821151732560334
Traditional-NPZ,2.111111111111111,0.8413325102337759,0.08825011623478216
Traditional-NPZ,2.1180555555555554,0.8414317445596036,0.08828689155490232
Traditional-NPZ,2.125,0.8415358380086393,0.08832184376849513
Traditional-NPZ,2.131944444444444,0.8416448277917637,0.08835505332679461
Traditional-NPZ,2.138888888888889,0.841758856244915,0.08838595949331045
Traditional-NPZ,2.145833333333333,0.8418780179560625,0.0884149090918374
Traditional-NPZ,2.1527777777777777,0.8420025273737307,0.08844217695868778
Traditional-NPZ,2.1597222222222223,0.8421318379113926,0.08846746271684107
Traditional-NPZ,2.1666666666666665,0.8422657162727852,0.08849150407734625
Traditional-NPZ,2.173611111111111,0.8424042309288012,0.08851365374744388
Traditional-NPZ,2.1805555555555554,0.8425475269128396,0.08853406913873064
Traditional-NPZ,2.1875,0.8426958860026144,0.08855240130019286
Traditional-NPZ,2.194444444444444,0.8428492470595804,0.08856833805348203
Traditional-NPZ,2.201388888888889,0.8430075736687821,0.08858206183478012
Traditional-NPZ,2.208333333333333,0.8431705588628599,0.08859390103591848
Traditional-NPZ,2.2152777777777777,0.843338455005639,0.08860355005238449
Traditional-NPZ,2.2222222222222223,0.8435110865109914,0.08861125466287524
Traditional-NPZ,2.2291666666666665,0.8436890058129777,0.08861684503425933
Traditional-NPZ,2.236111111111111,0.8438710746605393,0.08862059379250953
Traditional-NPZ,2.2430555555555554,0.8440568976052081,0.08862380535800989
Traditional-NPZ,2.25,0.8442466307739009,0.08862569059768108
Traditional-NPZ,2.256944444444444,0.8444399113691811,0.08862675156683669
Traditional-NPZ,2.263888888888889,0.8446360585481341,0.08862710550253199
Traditional-NPZ,2.270833333333333,0.844835996000355,0.08862600755790097
Traditional-NPZ,2.2777777777777777,0.8450392681484218,0.08862420756829534
Traditional-NPZ,2.284722222222222,0.8452457855912667,0.0886213536943762
Traditional-NPZ,2.2916666666666665,0.8454562261258711,0.08861725670117568
Traditional-NPZ,2.298611111111111,0.8456699399069323,0.08861232178474135
Traditional-NPZ,2.3055555555555554,0.8458873105943762,0.08860582870658372
Traditional-NPZ,2.3125,0.846107777093823,0.08859804267299771
Traditional-NPZ,2.319444444444444,0.8463319004401749,0.08858878095020274
Traditional-NPZ,2.326388888888889,0.8465596154852782,0.08857807317433855
Traditional-NPZ,2.333333333333333,0.8467902204010744,0.08856592393216568
Traditional-NPZ,2.3402777777777777,0.8470239765599995,0.08855244921465939
Traditional-NPZ,2.347222222222222,0.8472604028251848,0.08853811644850362
Traditional-NPZ,2.3541666666666665,0.8474991170326517,0.08852333625443383
Traditional-NPZ,2.361111111111111,0.8477390940316281,0.08850838675759834
Traditional-NPZ,2.3680555555555554,0.8479815774649387,0.08849340768955492
Traditional-NPZ,2.375,0.8482261185512867,0.08847758055460618
Traditional-NPZ,2.381944444444444,0.8484719445641723,0.08846111980346132
Traditional-NPZ,2.388888888888889,0.8487192253806575,0.0884439771887876
Traditional-NPZ,2.395833333333333,0.8489668695256714,0.088426228599872
Traditional-NPZ,2.4027777777777777,0.8492150011009113,0.08840921852957617
Traditional-NPZ,2.409722222222222,0.8494644790276071,0.08839249103587464
Traditional-NPZ,2.4166666666666665,0.8497144768171746,0.08837604339203176
Traditional-NPZ,2.423611111111111,0.8499658636553483,0.08835992915830755
Traditional-NPZ,2.4305555555555554,0.850218396729163,0.08834364710724674
Traditional-NPZ,2.4375,0.8504716879427042,0.0883276635244167
Traditional-NPZ,2.444444444444444,0.8507257400867576,0.08831185279763762
Traditional-NPZ,2.451388888888889,0.8509802593369409,0.08829640373051577
Traditional-NPZ,2.458333333333333,0.8512348987891898,0.0882816087805147
Traditional-NPZ,2.4652777777777777,0.8514896661026579,0.08826755502308471
Traditional-NPZ,2.472222222222222,0.8517443117175034,0.08825375448387972
Traditional-NPZ,2.4791666666666665,0.8519989862415873,0.0882405882416036
Traditional-NPZ,2.486111111111111,0.8522532451102343,0.08822791678423143
Traditional-NPZ,2.4930555555555554,0.8525066870177774,0.0882155868926565
Traditional-NPZ,2.5,0.8527594749363845,0.08820401030777802
Traditional-NPZ,2.506944444444444,0.8530117161446452,0.0881931078241568
Traditional-NPZ,2.513888888888889,0.8532638255433963,0.08818297106556884
Traditional-NPZ,2.520833333333333,0.8535167961846083,0.08817363369255991
Traditional-NPZ,2.5277777777777777,0.8537702703432919,0.08816503449118102
Traditional-NPZ,2.534722222222222,0.8540238271724274,0.08815739200945549
Traditional-NPZ,2.5416666666666665,0.8542759510256637,0.08815054390549615
Traditional-NPZ,2.548611111111111,0.854525815806326,0.08814452271103661
Traditional-NPZ,2.5555555555555554,0.8547737899646074,0.08813936906919492
Traditional-NPZ,2.5625,0.8550204013038851,0.08813500450867891
Traditional-NPZ,2.569444444444444,0.8552661916100367,0.08813165790438411
Traditional-NPZ,2.576388888888889,0.8555106723213963,0.08812955641302771
Traditional-NPZ,2.583333333333333,0.8557530631581334,0.08812906004430422
Traditional-NPZ,2.5902777777777777,0.855993550508743,0.08812986865979802
Traditional-NPZ,2.597222222222222,0.856232763347308,0.0881316248631431
Traditional-NPZ,2.6041666666666665,0.856469566085795,0.08813428897581702
Traditional-NPZ,2.611111111111111,0.856703992920418,0.08813823897451081
Traditional-NPZ,2.6180555555555554,0.8569357506687041,0.08814324109845272
Traditional-NPZ,2.625,0.8571646981458525,0.08815003242556163
Traditional-NPZ,2.631944444444444,0.8573908467968256,0.08815862842951766
Traditional-NPZ,2.638888888888889,0.8576147452732275,0.08816835622374446
Traditional-NPZ,2.645833333333333,0.8578356358499244,0.08817958685729994
Traditional-NPZ,2.6527777777777777,0.8580545787526301,0.08819187050107365
Traditional-NPZ,2.659722222222222,0.8582710828503523,0.08820524006602976
Traditional-NPZ,2.6666666666666665,0.8584850709335549,0.08821991167313767
Traditional-NPZ,2.673611111111111,0.85869602125855,0.08823602040632358
Traditional-NPZ,2.6805555555555554,0.8589035138541976,0.08825305236370373
Traditional-NPZ,2.6875,0.8591084836968031,0.08827102669214469
Traditional-NPZ,2.694444444444444,0.8593109329526042,0.08828976123321237
Traditional-NPZ,2.701388888888889,0.8595105415360996,0.0883093249470304
Traditional-NPZ,2.708333333333333,0.8597086749518148,0.08832992991419808
Traditional-NPZ,2.7152777777777777,0.8599053839917694,0.0883517413630746
Traditional-NPZ,2.722222222222222,0.8600988890493755,0.08837535673819369
Traditional-NPZ,2.7291666666666665,0.8602895740907192,0.08840005219107323
Traditional-NPZ,2.736111111111111,0.8604767993556279,0.08842594478178033
Traditional-NPZ,2.7430555555555554,0.8606610537345681,0.08845238707059012
Traditional-NPZ,2.75,0.8608420187245505,0.08847987902127163
Traditional-NPZ,2.756944444444444,0.8610208289881742,0.0885077307902459
Traditional-NPZ,2.763888888888889,0.8611981267544017,0.0885365515117644
Traditional-NPZ,2.770833333333333,0.8613732950778095,0.08856583115047915
Traditional-NPZ,2.7777777777777777,0.8615467905913846,0.08859563209725138
Traditional-NPZ,2.784722222222222,0.8617178364324412,0.08862572617000912
Traditional-NPZ,2.7916666666666665,0.8618856820158681,0.08865611980877657
Traditional-NPZ,2.798611111111111,0.8620505830564951,0.0886860673755717
Traditional-NPZ,2.8055555555555554,0.8622125112650881,0.08871612587593548
Traditional-NPZ,2.8125,0.8623722085254898,0.08874653355407798
Traditional-NPZ,2.819444444444444,0.8625294150596775,0.08877720767157272
Traditional-NPZ,2.826388888888889,0.8626836888214209,0.08880862947917298
Traditional-NPZ,2.833333333333333,0.8628347110310417,0.08884003613816208
Traditional-NPZ,2.8402777777777777,0.8629828164162572,0.08887189782385402
Traditional-NPZ,2.847222222222222,0.8631290879127338,0.08890399188900153
Traditional-NPZ,2.8541666666666665,0.8632738574440908,0.08893620344967695
Traditional-NPZ,2.861111111111111,0.8634166642292462,0.08896771382481729
Traditional-NPZ,2.8680555555555554,0.8635572950498237,0.08899866148662876
Traditional-NPZ,2.875,0.8636951998560659,0.08902868405952262
Traditional-NPZ,2.881944444444444,0.8638312807461495,0.08905814286429935
Traditional-NPZ,2.888888888888889,0.8639657392850609,0.0890872105858769
Traditional-NPZ,2.895833333333333,0.8640979308032652,0.08911606862813931
Traditional-NPZ,2.9027777777777777,0.8642275195952803,0.08914394535949711
Traditional-NPZ,2.909722222222222,0.864354394208696,0.08917109190066633
Traditional-NPZ,2.9166666666666665,0.8644792591248794,0.08919784443037192
Traditional-NPZ,2.923611111111111,0.8646028220891012,0.08922348330513047
Traditional-NPZ,2.9305555555555554,0.8647236521489411,0.08924846572010499
Traditional-NPZ,2.9375,0.8648430703694867,0.08927270636358726
Traditional-NPZ,2.944444444444444,0.8649608547298839,0.08929614746448765
Traditional-NPZ,2.951388888888889,0.865077399995757,0.08931842406668837
Traditional-NPZ,2.958333333333333,0.8651935886546132,0.08933923738043194
Traditional-NPZ,2.9652777777777777,0.8653093089724497,0.08935855748979937
Traditional-NPZ,2.972222222222222,0.8654246410269485,0.08937640045850442
Traditional-NPZ,2.9791666666666665,0.8655398344914363,0.08939315586512635
Traditional-NPZ,2.986111111111111,0.8656551608062001,0.08940852358713637
Traditional-NPZ,2.9930555555555554,0.8657699997121254,0.0894222266752436
Traditional-NPZ,3.0,0.8658837705752129,0.0894341301384306
Traditional-NPZ,3.006944444444444,0.8659966849614905,0.08944440117157287
Traditional-NPZ,3.013888888888889,0.8661092682742534,0.0894526467708168
Traditional-NPZ,3.020833333333333,0.8662215253185296,0.08945907304479803
Traditional-NPZ,3.0277777777777777,0.866333043349005,0.08946359863383517
Traditional-NPZ,3.034722222222222,0.8664435681512693,0.08946624494913323
Traditional-NPZ,3.0416666666666665,0.8665542891797469,0.08946752973824644
Traditional-NPZ,3.048611111111111,0.8666636609724844,0.08946790561948022
Traditional-NPZ,3.0555555555555554,0.866772744033581,0.08946694312598452
Traditional-NPZ,3.0625,0.8668814354858512,0.08946492329159234
Traditional-NPZ,3.069444444444444,0.8669901172919446,0.089462092249745
Traditional-NPZ,3.076388888888889,0.8670997830686948,0.08945799323265452
Traditional-NPZ,3.083333333333333,0.8672095793856669,0.08945278036891356
Traditional-NPZ,3.0902777777777777,0.8673191840096834,0.08944599616283605
Traditional-NPZ,3.097222222222222,0.8674291425830328,0.08943755719443842
Traditional-NPZ,3.1041666666666665,0.8675394040470035,0.08942716670150619
Traditional-NPZ,3.1111111111111107,0.8676503386898866,0.08941480720440298
Traditional-NPZ,3.1180555555555554,0.8677618975917547,0.08940026138047993
Traditional-NPZ,3.125,0.8678738766274882,0.08938345475175374
Traditional-NPZ,3.131944444444444,0.86798671922391,0.08936472439256946
Traditional-NPZ,3.138888888888889,0.8680997517462558,0.08934393647113677
Traditional-NPZ,3.145833333333333,0.8682136209559729,0.08932118428372544
Traditional-NPZ,3.1527777777777777,0.8683283700798542,0.08929653866522118
Traditional-NPZ,3.159722222222222,0.8684441136927338,0.08927016139732813
Traditional-NPZ,3.1666666666666665,0.8685606250639001,0.08924195022685409
Traditional-NPZ,3.1736111111111107,0.8686778242444476,0.08921208579339356
Traditional-NPZ,3.1805555555555554,0.8687957794930502,0.08918066407639152
Traditional-NPZ,3.1875,0.8689146664114563,0.08914778458874698
Traditional-NPZ,3.194444444444444,0.8690344957868835,0.08911285310076791
Traditional-NPZ,3.201388888888889,0.8691553519422254,0.0890762954038114
Traditional-NPZ,3.208333333333333,0.8692771025988397,0.08903837198513126
Traditional-NPZ,3.2152777777777777,0.8693997237066278,0.08899910539316107
Traditional-NPZ,3.222222222222222,0.8695231246368804,0.08895839533771831
Traditional-NPZ,3.2291666666666665,0.8696473408074169,0.08891611981344322
Traditional-NPZ,3.2361111111111107,0.8697724501231381,0.08887241479722878
Traditional-NPZ,3.2430555555555554,0.8698987349278332,0.08882732922323493
Traditional-NPZ,3.25,0.8700258314794107,0.08878076078223465
Traditional-NPZ,3.256944444444444,0.8701538106066843,0.08873272991425404
Traditional-NPZ,3.263888888888889,0.8702828344563073,0.08868330433674453
Traditional-NPZ,3.270833333333333,0.8704127645599862,0.08863248726605204
Traditional-NPZ,3.2777777777777777,0.8705435591903858,0.08858138460306557
Traditional-NPZ,3.284722222222222,0.8706755724774365,0.08852947288095747
Traditional-NPZ,3.2916666666666665,0.8708087730968352,0.08847657974595793
Traditional-NPZ,3.2986111111111107,0.870943125382016,0.08842251380887929
Traditional-NPZ,3.3055555555555554,0.8710782651145527,0.08836726385694604
Traditional-NPZ,3.3125,0.8712141796949104,0.08831094894447974
Traditional-NPZ,3.319444444444444,0.8713517277872563,0.08825325524895881
Traditional-NPZ,3.326388888888889,0.8714910005809211,0.08819427116972521
Traditional-NPZ,3.333333333333333,0.8716317836536127,0.08813398057677609
Traditional-NPZ,3.3402777777777777,0.8717732686075318,0.08807228423468705
Traditional-NPZ,3.347222222222222,0.8719160898901622,0.08800915280715402
Traditional-NPZ,3.3541666666666665,0.8720604330655144,0.0879446312939855
Traditional-NPZ,3.3611111111111107,0.872206225785477,0.08787885554116631
Traditional-NPZ,3.3680555555555554,0.8723533475876807,0.08781180158838006
Traditional-NPZ,3.375,0.872501955537397,0.0877434398223882
Traditional-NPZ,3.381944444444444,0.8726518350465787,0.08767367464269989
Traditional-NPZ,3.388888888888889,0.8728027573759907,0.08760250737835913
Traditional-NPZ,3.395833333333333,0.8729549264150017,0.08752993630270409
Traditional-NPZ,3.4027777777777777,0.873108390777887,0.08745596439868929
Traditional-NPZ,3.409722222222222,0.8732633144323816,0.0873808207751036
Traditional-NPZ,3.4166666666666665,0.8734196305828423,0.08730460190419911
Traditional-NPZ,3.4236111111111107,0.8735772932177116,0.0872272432269049
Traditional-NPZ,3.4305555555555554,0.8737360010482239,0.08714865533593344
Traditional-NPZ,3.4375,0.8738959607507935,0.08706894749389933
Traditional-NPZ,3.444444444444444,0.8740571655359117,0.08698807026431848
Traditional-NPZ,3.451388888888889,0.8742197251579942,0.08690605075702881
Traditional-NPZ,3.458333333333333,0.8743837012127154,0.08682305702078191
Traditional-NPZ,3.4652777777777777,0.8745489187593507,0.08673898985487408
Traditional-NPZ,3.472222222222222,0.8747151925645126,0.08665371744380665
Traditional-NPZ,3.4791666666666665,0.874882728903206,0.08656735901573158
Traditional-NPZ,3.4861111111111107,0.8750514998472093,0.08647991862457727
Traditional-NPZ,3.4930555555555554,0.8752215533726732,0.08639151142137141
Traditional-NPZ,3.5,0.8753928956068165,0.08630213185225696
Traditional-NPZ,3.506944444444444,0.8755654434749752,0.08621183708584594
Traditional-NPZ,3.513888888888889,0.8757392010165783,0.0861205511863956
Traditional-NPZ,3.520833333333333,0.8759141192337085,0.08602827515087823
Traditional-NPZ,3.5277777777777777,0.8760902208503131,0.08593509028232564
Traditional-NPZ,3.534722222222222,0.8762672311578639,0.08584094777572368
Traditional-NPZ,3.5416666666666665,0.8764452696463746,0.08574581670912845
Traditional-NPZ,3.5486111111111107,0.8766244432073793,0.085649792805074
Traditional-NPZ,3.5555555555555554,0.8768047837013853,0.08555297357725757
Traditional-NPZ,3.5625,0.8769861778102476,0.08545523333545316
Traditional-NPZ,3.569444444444444,0.8771686215801827,0.08535663882747963
Traditional-NPZ,3.576388888888889,0.8773520546815216,0.08525722350136318
Traditional-NPZ,3.583333333333333,0.8775365590146527,0.08515702759869996
Traditional-NPZ,3.5902777777777777,0.8777221479726682,0.08505607302184255
Traditional-NPZ,3.597222222222222,0.8779086692022167,0.08495428574714603
Traditional-NPZ,3.6041666666666665,0.8780962077030264,0.08485182615136683
Traditional-NPZ,3.6111111111111107,0.8782847004899517,0.08474862587881235
Traditional-NPZ,3.6180555555555554,0.8784742667615272,0.08464477504256265
Traditional-NPZ,3.625,0.8786647064945711,0.08454011351952687
Traditional-NPZ,3.631944444444444,0.8788561157164209,0.08443480599098048
Traditional-NPZ,3.638888888888889,0.8790485923636634,0.08432890547111914
Traditional-NPZ,3.645833333333333,0.8792421094768861,0.08422243606349292
Traditional-NPZ,3.6527777777777777,0.8794366549004661,0.0841154071739206
Traditional-NPZ,3.659722222222222,0.8796320386888542,0.08400772272023087
Traditional-NPZ,3.6666666666666665,0.8798283548088853,0.08389947970912019
Traditional-NPZ,3.6736111111111107,0.880025403046161,0.08379050846466451
Traditional-NPZ,3.6805555555555554,0.8802232476831591,0.08368093708932
Traditional-NPZ,3.6875,0.8804219107602387,0.08357080789402976
Traditional-NPZ,3.694444444444444,0.88062130822114,0.08346007773135812
Traditional-NPZ,3.701388888888889,0.8808214298960616,0.08334874223480213
Traditional-NPZ,3.708333333333333,0.8810222644090212,0.0832368051896074
Traditional-NPZ,3.7152777777777777,0.8812238256066522,0.08312429298986879
Traditional-NPZ,3.722222222222222,0.8814261245009816,0.08301129052761409
Traditional-NPZ,3.7291666666666665,0.8816291913084493,0.08289783471577764
Traditional-NPZ,3.7361111111111107,0.88183296718922,0.08278386610508187
Traditional-NPZ,3.7430555555555554,0.8820374097787932,0.08266935594077127
Traditional-NPZ,3.75,0.8822425529690145,0.08255438893848069
Traditional-NPZ,3.756944444444444,0.8824484669927675,0.08243904088492736
Traditional-NPZ,3.763888888888889,0.8826549890419074,0.08232317425678204
Traditional-NPZ,3.770833333333333,0.8828621740048089,0.08220688058501309
Traditional-NPZ,3.7777777777777777,0.8830699663917555,0.08209011238522886
Traditional-NPZ,3.784722222222222,0.8832784409946774,0.08197296652154036
Traditional-NPZ,3.7916666666666665,0.8834875046909153,0.08185538162638321
Traditional-NPZ,3.7986111111111107,0.883697135478904,0.08173738008999716
Traditional-NPZ,3.8055555555555554,0.883907333930403,0.08161895576309137
Traditional-NPZ,3.8125,0.8841181132394481,0.0815001423627754
Traditional-NPZ,3.819444444444444,0.8843294211628497,0.08138094912108688
Traditional-NPZ,3.826388888888889,0.8845412527074972,0.08126135607886242
Traditional-NPZ,3.833333333333333,0.884753624527331,0.08114142379121081
Traditional-NPZ,3.8402777777777777,0.8849664509683711,0.08102108002336937
Traditional-NPZ,3.847222222222222,0.8851797816360287,0.080900404821417
Traditional-NPZ,3.8541666666666665,0.8853935238329819,0.08077933309402671
Traditional-NPZ,3.8611111111111107,0.8856077075743141,0.0806578975203929
Traditional-NPZ,3.8680555555555554,0.885822283984031,0.08053608007273261
Traditional-NPZ,3.875,0.8860372129664915,0.08041385285550587
Traditional-NPZ,3.881944444444444,0.886252468343036,0.08029121036549006
Traditional-NPZ,3.888888888888889,0.8864680620982286,0.08016817237726842
Traditional-NPZ,3.895833333333333,0.8866840077871557,0.08004476887343832
Traditional-NPZ,3.9027777777777777,0.8869003462949151,0.079921065904786
Traditional-NPZ,3.909722222222222,0.887117084196327,0.07979709715343407
Traditional-NPZ,3.9166666666666665,0.8873341596825753,0.07967282539432645
Traditional-NPZ,3.9236111111111107,0.887551486359153,0.07954816389615821
Traditional-NPZ,3.9305555555555554,0.8877691007667927,0.07942318271512026
Traditional-NPZ,3.9375,0.8879869814291188,0.0792978700444177
Traditional-NPZ,3.944444444444444,0.8882051061733474,0.07917222674823869
Traditional-NPZ,3.951388888888889,0.8884235192999002,0.07904631027422435
Traditional-NPZ,3.958333333333333,0.8886421677245615,0.07892009151095143
Traditional-NPZ,3.9652777777777777,0.8888609919279,0.0787935590933793
Traditional-NPZ,3.972222222222222,0.8890800817200496,0.0786667821801495
Traditional-NPZ,3.9791666666666665,0.8892994370177492,0.07853976504421056
Traditional-NPZ,3.9861111111111107,0.8895189958333107,0.07841245800287093
Traditional-NPZ,3.9930555555555554,0.8897387877187797,0.07828491271950609
Traditional-NPZ,4.0,0.8899588117355365,0.07815715245318249
Traditional-NPZ,4.006944444444445,0.8901790532581133,0.0780291823431871
Traditional-NPZ,4.013888888888888,0.8903994637379583,0.07790096671968728
Traditional-NPZ,4.020833333333333,0.8906200307487574,0.07777251506746119
Traditional-NPZ,4.027777777777778,0.8908407546421157,0.07764382586037191
Traditional-NPZ,4.034722222222222,0.8910615761095065,0.07751485717534234
Traditional-NPZ,4.041666666666666,0.891282470518682,0.07738561314813444
Traditional-NPZ,4.048611111111111,0.8915034572739089,0.0772561304002535
Traditional-NPZ,4.055555555555555,0.8917245214720145,0.07712639791441762
Traditional-NPZ,4.0625,0.8919457146103871,0.076996474158733
Traditional-NPZ,4.069444444444445,0.8921669547502197,0.0768663178729636
Traditional-NPZ,4.076388888888888,0.8923882842192057,0.07673596679319435
Traditional-NPZ,4.083333333333333,0.8926096930211505,0.07660543388483958
Traditional-NPZ,4.090277777777778,0.8928312184926713,0.07647475669556862
Traditional-NPZ,4.097222222222222,0.8930528067682011,0.07634388724950215
Traditional-NPZ,4.104166666666666,0.8932744451818186,0.07621282811274392
Traditional-NPZ,4.111111111111111,0.8934961390042936,0.07608160252441959
Traditional-NPZ,4.118055555555555,0.8937178172423293,0.07595016902583993
Traditional-NPZ,4.125,0.8939395310973691,0.07581858875393636
Traditional-NPZ,4.131944444444445,0.8941612741603218,0.07568686970102009
Traditional-NPZ,4.138888888888888,0.8943830067863506,0.07555498042166753
Traditional-NPZ,4.145833333333333,0.8946046997174657,0.07542290016619241
Traditional-NPZ,4.152777777777778,0.8948263537078717,0.07529064370150267
Traditional-NPZ,4.159722222222222,0.895048007524035,0.07515827612854566
Traditional-NPZ,4.166666666666666,0.8952697028949442,0.07502582347200601
Traditional-NPZ,4.173611111111111,0.8954913554718604,0.0748932224546856
Traditional-NPZ,4.180555555555555,0.8957129798968272,0.07476050088243111
Traditional-NPZ,4.1875,0.895934606200393,0.07462769782276449
Traditional-NPZ,4.194444444444445,0.8961561918301542,0.07449479173140026
Traditional-NPZ,4.201388888888888,0.896377737544988,0.07436178569855387
Traditional-NPZ,4.208333333333333,0.8965992132316629,0.0742286740914929
Traditional-NPZ,4.215277777777778,0.8968206555509719,0.07409549280463644
Traditional-NPZ,4.222222222222222,0.8970419557548289,0.07396214179074129
Traditional-NPZ,4.229166666666666,0.8972631006464267,0.07382862983019985
Traditional-NPZ,4.236111111111111,0.8974841145054526,0.07369499577342599
Traditional-NPZ,4.243055555555555,0.8977049962483175,0.07356124573022595
Traditional-NPZ,4.25,0.8979257657745536,0.07342740608428736
Traditional-NPZ,4.256944444444445,0.8981464027629681,0.07329346100674032
Traditional-NPZ,4.263888888888888,0.8983669014903026,0.0731594156880667
Traditional-NPZ,4.270833333333333,0.8985872257118545,0.07302525549468786
Traditional-NPZ,4.277777777777778,0.8988073373742322,0.07289094367721886
Traditional-NPZ,4.284722222222222,0.899027252591005,0.07275650830780218
Traditional-NPZ,4.291666666666666,0.8992469897710392,0.07262196810007075
Traditional-NPZ,4.298611111111111,0.8994665676424924,0.07248735034699343
Traditional-NPZ,4.305555555555555,0.8996859736742497,0.07235266747562767
Traditional-NPZ,4.3125,0.8999051919049718,0.07221789870293668
Traditional-NPZ,4.319444444444445,0.9001241722786953,0.07208301638640041
Traditional-NPZ,4.326388888888888,0.9003429208485386,0.07194803289223542
Traditional-NPZ,4.333333333333333,0.9005615003270963,0.07181300623097378
Traditional-NPZ,4.340277777777778,0.9007799418047737,0.07167797258886387
Traditional-NPZ,4.347222222222222,0.9009981669734958,0.07154286439026836
Traditional-NPZ,4.354166666666666,0.9012161728462866,0.07140768610625098
Traditional-NPZ,4.361111111111111,0.9014339510399781,0.0712724455357644
Traditional-NPZ,4.368055555555555,0.9016514626451507,0.07113711546018811
Traditional-NPZ,4.375,0.9018687125276669,0.07100170231560304
Traditional-NPZ,4.381944444444445,0.902085695159302,0.07086620651976956
Traditional-NPZ,4.388888888888888,0.9023024697827399,0.0707306964220338
Traditional-NPZ,4.395833333333333,0.9025190283630257,0.07059517026451208
Traditional-NPZ,4.402777777777778,0.9027353620995648,0.07045963201713737
Traditional-NPZ,4.409722222222222,0.9029514647663625,0.07032408621520621
Traditional-NPZ,4.416666666666666,0.9031673529450557,0.07018854964741902
Traditional-NPZ,4.423611111111111,0.9033830351127152,0.0700530355301778
Traditional-NPZ,4.430555555555555,0.9035984876028414,0.06991753232418786
Traditional-NPZ,4.4375,0.903813682278969,0.06978203323836876
Traditional-NPZ,4.444444444444445,0.9040286286352655,0.06964655004974242
Traditional-NPZ,4.451388888888888,0.9042432496294902,0.06951103158155315
Traditional-NPZ,4.458333333333333,0.9044575510922704,0.06937548992610738
Traditional-NPZ,4.465277777777778,0.9046715849707366,0.06923995638151298
Traditional-NPZ,4.472222222222222,0.9048852931188529,0.06910439156083852
Traditional-NPZ,4.479166666666666,0.9050986687661866,0.06896880102294943
Traditional-NPZ,4.486111111111111,0.905311743506061,0.06883321357067752
Traditional-NPZ,4.493055555555555,0.9055245121023549,0.06869762804303689
Traditional-NPZ,4.5,0.9057370084820194,0.06856207681124102
Traditional-NPZ,4.506944444444444,0.9059491937531479,0.06842652985046917
Traditional-NPZ,4.513888888888888,0.9061610380317736,0.06829097093582208
Traditional-NPZ,4.520833333333333,0.9063725699392778,0.0681554323218491
Traditional-NPZ,4.527777777777778,0.9065837542849007,0.06801989294508429
Traditional-NPZ,4.534722222222222,0.9067945917192031,0.06788435352209511
Traditional-NPZ,4.541666666666666,0.9070051302880262,0.06774886774616308
Traditional-NPZ,4.548611111111111,0.907215380946829,0.06761344576059282
Traditional-NPZ,4.555555555555555,0.9074252997733048,0.06747805250064434
Traditional-NPZ,4.5625,0.907634886080665,0.06734270083670928
Traditional-NPZ,4.569444444444444,0.90784414127039,0.06720739750356738
Traditional-NPZ,4.576388888888888,0.9080530445351539,0.06707212764512334
Traditional-NPZ,4.583333333333333,0.9082616046524159,0.06693690672434993
Traditional-NPZ,4.590277777777778,0.9084698156141374,0.06680173757430097
Traditional-NPZ,4.597222222222222,0.9086776990638669,0.06666663952082849
Traditional-NPZ,4.604166666666666,0.9088852375258106,0.06653160075175413
Traditional-NPZ,4.611111111111111,0.9090924168664741,0.06639661673093997
Traditional-NPZ,4.618055555555555,0.9092992372849864,0.06626168538114251
Traditional-NPZ,4.625,0.9095056747353009,0.06612678784357595
Traditional-NPZ,4.631944444444444,0.9097116830693961,0.06599190476260582
Traditional-NPZ,4.638888888888888,0.9099173255567102,0.06585708176292868
Traditional-NPZ,4.645833333333333,0.9101226473697143,0.06572236283105025
Traditional-NPZ,4.652777777777778,0.9103275940270008,0.06558771337029522
Traditional-NPZ,4.659722222222222,0.9105322031354993,0.06545316294688931
Traditional-NPZ,4.666666666666666,0.9107364430739033,0.06531869153159423
Traditional-NPZ,4.673611111111111,0.910940322175745,0.06518431363034924
Traditional-NPZ,4.680555555555555,0.9111438345871578,0.06505002971276047
Traditional-NPZ,4.6875,0.9113469802401171,0.06491584629653283
Traditional-NPZ,4.694444444444444,0.9115497672170451,0.06478177202743894
Traditional-NPZ,4.701388888888888,0.9117521954456701,0.06464781153795957
Traditional-NPZ,4.708333333333333,0.9119542493871097,0.06451395860051458
Traditional-NPZ,4.715277777777778,0.9121559357964834,0.06438022415925188
Traditional-NPZ,4.722222222222222,0.9123572397407214,0.06424660076442222
Traditional-NPZ,4.729166666666666,0.9125581932484459,0.06411311841770122
Traditional-NPZ,4.736111111111111,0.9127587848253014,0.06397976756077417
Traditional-NPZ,4.743055555555555,0.9129589781543991,0.06384652670018888
Traditional-NPZ,4.75,0.9131588004370548,0.06371341998549822
Traditional-NPZ,4.756944444444444,0.9133582191214987,0.06358041624269421
Traditional-NPZ,4.763888888888888,0.9135572450764115,0.06344753220165918
Traditional-NPZ,4.770833333333333,0.9137558887776082,0.06331478642522187
Traditional-NPZ,4.777777777777778,0.9139541312310613,0.06318215876100616
Traditional-NPZ,4.784722222222222,0.9141519890586735,0.06304967248438022
Traditional-NPZ,4.791666666666666,0.9143494739039945,0.06291733084981309
Traditional-NPZ,4.798611111111111,0.9145465637203098,0.06278512085169723
Traditional-NPZ,4.805555555555555,0.9147432512444331,0.06265304997866969
Traditional-NPZ,4.8125,0.9149395370045424,0.06252111611603194
Traditional-NPZ,4.819444444444444,0.915135417637033,0.062389316253927185
Traditional-NPZ,4.826388888888888,0.9153308530603262,0.06225762291346508
Traditional-NPZ,4.833333333333333,0.9155258791230537,0.06212606690083007
Traditional-NPZ,4.840277777777778,0.9157204941227913,0.061994648710246195
Traditional-NPZ,4.847222222222222,0.9159147023130935,0.061863376560701316
Traditional-NPZ,4.854166666666666,0.916108495144729,0.06173224177154574
Traditional-NPZ,4.861111111111111,0.9163018660145325,0.061601245684130064
Traditional-NPZ,4.868055555555555,0.916494827506822,0.06147040246152864
Traditional-NPZ,4.875,0.9166873651057272,0.06133969853729626
Traditional-NPZ,4.881944444444444,0.916879475613152,0.06120913612669176
Traditional-NPZ,4.888888888888888,0.9170711577362484,0.06107872481152953
Traditional-NPZ,4.895833333333333,0.9172624319737491,0.06094847775156708
Traditional-NPZ,4.902777777777778,0.917453302664445,0.06081839711862485
Traditional-NPZ,4.909722222222222,0.917643733374394,0.060688458312981676
Traditional-NPZ,4.916666666666666,0.9178337440125582,0.06055868137862426
Traditional-NPZ,4.923611111111111,0.9180233588836938,0.06042909035476729
Traditional-NPZ,4.930555555555555,0.9182125594784597,0.06029966754199333
Traditional-NPZ,4.9375,0.9184013466499227,0.06017041648602648
Traditional-NPZ,4.944444444444444,0.9185896927203232,0.06004132026219271
Traditional-NPZ,4.951388888888888,0.9187776003775884,0.05991238268544878
Traditional-NPZ,4.958333333333333,0.9189650997357317,0.05978363086298151
Traditional-NPZ,4.965277777777778,0.9191521772990984,0.059655051265196574
Traditional-NPZ,4.972222222222222,0.9193388218471822,0.05952664119659823
Traditional-NPZ,4.979166666666666,0.9195250349842382,0.05939840144289666
Traditional-NPZ,4.986111111111111,0.9197108338955576,0.05927034894120899
Traditional-NPZ,4.993055555555555,0.9198962201013277,0.05914248922105416
Traditional-NPZ,5.0,0.9200812250253516,0.059014854645334125
Traditional-NPZ,5.006944444444444,0.9202657954784353,0.05888740302084054
Traditional-NPZ,5.013888888888888,0.92044991312155,0.05876011335568565
Traditional-NPZ,5.020833333333333,0.920633601208719,0.058633007169344865
Traditional-NPZ,5.027777777777778,0.9208168665757702,0.058506098575148414
Traditional-NPZ,5.034722222222222,0.9209997068700713,0.05837938602561124
Traditional-NPZ,5.041666666666666,0.9211821202053107,0.05825286879958759
Traditional-NPZ,5.048611111111111,0.9213640943063444,0.05812653742867868
Traditional-NPZ,5.055555555555555,0.921545620686485,0.05800038830219566
Traditional-NPZ,5.0625,0.9217267218696814,0.05787444192974941
Traditional-NPZ,5.069444444444444,0.9219074120438926,0.057748707515972435
Traditional-NPZ,5.076388888888888,0.9220876724953541,0.05762317576009006
Traditional-NPZ,5.083333333333333,0.922267512191109,0.057497855211278676
Traditional-NPZ,5.090277777777778,0.9224469197206505,0.05737273622979686
Traditional-NPZ,5.097222222222222,0.9226258941059612,0.057247817265445235
Traditional-NPZ,5.104166666666666,0.9228044385812398,0.05712310103904782
Traditional-NPZ,5.111111111111111,0.9229825700207375,0.05699860691188785
Traditional-NPZ,5.118055555555555,0.9231602735711106,0.0568743252799698
Traditional-NPZ,5.125,0.9233375308840035,0.05675024477900061
Traditional-NPZ,5.131944444444444,0.9235143488502353,0.05662636661502081
Traditional-NPZ,5.138888888888888,0.9236907080443836,0.05650268210906234
Traditional-NPZ,5.145833333333333,0.9238666196730305,0.05637920507012815
Traditional-NPZ,5.152777777777778,0.9240420855774114,0.056255934946284024
Traditional-NPZ,5.159722222222222,0.9242171304505079,0.056132892128269954
Traditional-NPZ,5.166666666666666,0.9243917570236639,0.056010080142276306
Traditional-NPZ,5.173611111111111,0.9245659575445062,0.055887491030593255
Traditional-NPZ,5.180555555555555,0.9247397418527249,0.05576513831492284
Traditional-NPZ,5.1875,0.9249130848325571,0.05564299719957846
Traditional-NPZ,5.194444444444444,0.9250860057320519,0.05552109475738455
Traditional-NPZ,5.201388888888888,0.9252585081165872,0.05539943656854281
Traditional-NPZ,5.208333333333333,0.9254305827032615,0.05527801285801817
Traditional-NPZ,5.215277777777778,0.925602216303671,0.05515681098274755
Traditional-NPZ,5.222222222222222,0.9257734122797027,0.05503583193930675
Traditional-NPZ,5.229166666666666,0.925944192926696,0.054915092594134504
Traditional-NPZ,5.236111111111111,0.9261145432703868,0.05479458290187373
Traditional-NPZ,5.243055555555555,0.9262844437791525,0.05467429017348375
Traditional-NPZ,5.25,0.9264539073796437,0.054554226407248926
Traditional-NPZ,5.256944444444444,0.9266229625832825,0.0544344193213926
Traditional-NPZ,5.263888888888888,0.9267915733308153,0.05431483601709276
Traditional-NPZ,5.270833333333333,0.9269597435961231,0.05419547604839165
Traditional-NPZ,5.277777777777778,0.9271274809336415,0.05407634583802519
Traditional-NPZ,5.284722222222222,0.9272947833252421,0.053957450870049904
Traditional-NPZ,5.291666666666666,0.9274616444261962,0.05383878492673862
Traditional-NPZ,5.298611111111111,0.9276280537703695,0.05372033886829007
Traditional-NPZ,5.305555555555555,0.9277940289410824,0.05360212616203814
Traditional-NPZ,5.3125,0.9279595823686517,0.05348416096344084
Traditional-NPZ,5.319444444444444,0.9281247456929926,0.05336646931847824
Traditional-NPZ,5.326388888888888,0.9282894892020435,0.0532490303955645
Traditional-NPZ,5.333333333333333,0.9284538150071406,0.05313184576112109
Traditional-NPZ,5.340277777777778,0.9286177087521391,0.053014903015652766
Traditional-NPZ,5.347222222222222,0.928781155986728,0.0528981896179234
Traditional-NPZ,5.354166666666666,0.9289441798847036,0.052781725133894106
Traditional-NPZ,5.361111111111111,0.929106775731138,0.05266550404865579
Traditional-NPZ,5.368055555555555,0.9292689532789409,0.05254953822996511
Traditional-NPZ,5.375,0.9294307066968328,0.052433825822697844
Traditional-NPZ,5.381944444444444,0.9295920489781762,0.052318374300760105
Traditional-NPZ,5.388888888888888,0.9297529802932797,0.05220318043069758
Traditional-NPZ,5.395833333333333,0.9299134900717836,0.052088237765266075
Traditional-NPZ,5.402777777777778,0.9300735703077411,0.051973542392554625
Traditional-NPZ,5.409722222222222,0.9302332360068499,0.05185910542189545
Traditional-NPZ,5.416666666666666,0.9303924846119038,0.05174492371618014
Traditional-NPZ,5.423611111111111,0.9305512976753585,0.051630982963866624
Traditional-NPZ,5.430555555555555,0.9307097094201766,0.051517310817188515
Traditional-NPZ,5.4375,0.9308677072929911,0.051403899465128466
Traditional-NPZ,5.444444444444444,0.9310252861821244,0.05129074456389698
Traditional-NPZ,5.451388888888888,0.9311824544318179,0.05117785473470396
Traditional-NPZ,5.458333333333333,0.9313391951377278,0.0510652143664953
Traditional-NPZ,5.465277777777778,0.9314955143883714,0.05095282864008095
Traditional-NPZ,5.472222222222222,0.9316514177639641,0.050840701472118215
Traditional-NPZ,5.479166666666666,0.9318069028646798,0.0507288315326253
Traditional-NPZ,5.486111111111111,0.9319619636853647,0.05061721758356075
Traditional-NPZ,5.493055555555555,0.9321166074751119,0.050505864398450326
Traditional-NPZ,5.5,0.9322708349614007,0.05039477021876937
Traditional-NPZ,5.506944444444444,0.9324246397279873,0.05028393002378629
Traditional-NPZ,5.513888888888888,0.9325780337815611,0.05017335360059351
Traditional-NPZ,5.520833333333333,0.9327310078279775,0.050063038447517985
Traditional-NPZ,5.527777777777778,0.932883565927945,0.04995298570704753
Traditional-NPZ,5.534722222222222,0.9330357115687457,0.049843200131931574
Traditional-NPZ,5.541666666666666,0.9331874443972235,0.049733679528436
Traditional-NPZ,5.548611111111111,0.9333387622840064,0.04962441556104809
Traditional-NPZ,5.555555555555555,0.9334896825016612,0.04951542557954562
Traditional-NPZ,5.5625,0.9336401857124413,0.0494066899637656
Traditional-NPZ,5.569444444444444,0.9337902627784651,0.049298202901619154
Traditional-NPZ,5.576388888888888,0.9339399299881934,0.049189979417380014
Traditional-NPZ,5.583333333333333,0.9340891986698913,0.04908202957931386
Traditional-NPZ,5.590277777777778,0.9342380597952754,0.04897434794389963
Traditional-NPZ,5.597222222222222,0.9343865109638421,0.0488669298075005
Traditional-NPZ,5.604166666666666,0.9345345443259078,0.0487597733429582
Traditional-NPZ,5.611111111111111,0.9346821403686834,0.04865286529190465
Traditional-NPZ,5.618055555555555,0.9348293160863904,0.048546216561957324
Traditional-NPZ,5.625,0.9349760940032928,0.048439838564348074
Traditional-NPZ,5.631944444444444,0.9351224652766739,0.048333721895536925
Traditional-NPZ,5.638888888888888,0.9352684098199958,0.04822785552615662
Traditional-NPZ,5.645833333333333,0.9354139254624547,0.048122237141523985
Traditional-NPZ,5.652777777777778,0.9355590400665666,0.048016886121645654
Traditional-NPZ,5.659722222222222,0.9357037653587225,0.047911812786655454
Traditional-NPZ,5.666666666666666,0.9358480967565971,0.04780701701890153
Traditional-NPZ,5.673611111111111,0.9359920393853138,0.047702497026421466
Traditional-NPZ,5.680555555555555,0.936135575952491,0.04759823777786192
Traditional-NPZ,5.6875,0.9362787138046784,0.04749424167278447
Traditional-NPZ,5.694444444444444,0.9364214660443072,0.04739052586195775
Traditional-NPZ,5.701388888888888,0.9365638283899791,0.047287091340689404
Traditional-NPZ,5.708333333333333,0.9367058006913898,0.0471839310192144
Traditional-NPZ,5.715277777777778,0.9368473711612896,0.04708103355099456
Traditional-NPZ,5.722222222222222,0.9369885314653799,0.04697839089594227
Traditional-NPZ,5.729166666666666,0.9371292950113104,0.04687601724298177
Traditional-NPZ,5.736111111111111,0.9372696499172649,0.046773909509377536
Traditional-NPZ,5.743055555555555,0.9374096185835715,0.04667207437462462
Traditional-NPZ,5.75,0.9375491849938368,0.04657049275748987
Traditional-NPZ,5.756944444444444,0.9376883379086418,0.04646916009939167
Traditional-NPZ,5.763888888888888,0.9378270926125806,0.04636809071688245
Traditional-NPZ,5.770833333333333,0.9379654497152199,0.04626728306563023
Traditional-NPZ,5.777777777777778,0.9381034039707441,0.04616674004391488
Traditional-NPZ,5.784722222222222,0.9382409628445717,0.046066466167599185
Traditional-NPZ,5.791666666666666,0.9383781325907663,0.045966461605953676
Traditional-NPZ,5.798611111111111,0.9385149284042809,0.04586673774685209
Traditional-NPZ,5.805555555555555,0.9386513422914737,0.04576728646579844
Traditional-NPZ,5.8125,0.9387873617411139,0.04566809993793025
Traditional-NPZ,5.819444444444444,0.9389229839782645,0.04556917143807708
Traditional-NPZ,5.826388888888888,0.9390582189508908,0.0454705116559212
Traditional-NPZ,5.833333333333333,0.939193073708176,0.045372125652979566
Traditional-NPZ,5.840277777777778,0.9393275322455713,0.04527399875246274
Traditional-NPZ,5.847222222222222,0.9394616055510379,0.045176140831696916
Traditional-NPZ,5.854166666666666,0.9395953008162542,0.04507855596616701
Traditional-NPZ,5.861111111111111,0.9397285950107879,0.044981225242263764
Traditional-NPZ,5.868055555555555,0.939861493656001,0.04488415187575861
Traditional-NPZ,5.875,0.9399940121252561,0.044787356463706
Traditional-NPZ,5.881944444444444,0.9401261456553486,0.04469082639962566
Traditional-NPZ,5.888888888888888,0.9402578956041423,0.04459456442086116
Traditional-NPZ,5.895833333333333,0.940389252602404,0.04449855787385789
Traditional-NPZ,5.902777777777778,0.940520229617936,0.044402816073141664
Traditional-NPZ,5.909722222222222,0.9406508306163679,0.044307344211339965
Traditional-NPZ,5.916666666666666,0.9407810490552919,0.04421213393595107
Traditional-NPZ,5.923611111111111,0.9409108661642784,0.0441171711822229
Traditional-NPZ,5.930555555555555,0.9410402975164696,0.044022469792231754
Traditional-NPZ,5.9375,0.9411693471377587,0.04392804059348299
Traditional-NPZ,5.944444444444444,0.9412980268480406,0.04383388528545645
Traditional-NPZ,5.951388888888888,0.9414263355676461,0.04374000088558207
Traditional-NPZ,5.958333333333333,0.9415542689714714,0.043646384628956036
Traditional-NPZ,5.965277777777778,0.9416818213818425,0.04355302715235754
Traditional-NPZ,5.972222222222222,0.9418089932376892,0.04345992709145484
Traditional-NPZ,5.979166666666666,0.941935793812464,0.04336709537955348
Traditional-NPZ,5.986111111111111,0.9420622245734465,0.04327452827596932
Traditional-NPZ,5.993055555555555,0.9421882834093308,0.04318222440981932
Traditional-NPZ,6.0,0.9423139715374785,0.043090189234166576
Traditional-NPZ,6.006944444444444,0.9424392837112873,0.04299841182762805
Traditional-NPZ,6.013888888888888,0.9425642267162855,0.04290689977335137
Traditional-NPZ,6.020833333333333,0.9426888017858532,0.042815653010187166
Traditional-NPZ,6.027777777777778,0.9428130095006553,0.04272467057766502
Traditional-NPZ,6.034722222222222,0.9429368545584007,0.042633951254633394
Traditional-NPZ,6.041666666666666,0.9430603359002746,0.04254349827446959
Traditional-NPZ,6.048611111111111,0.943183458004867,0.04245331607296505
Traditional-NPZ,6.055555555555555,0.9433062220378514,0.04236340166175193
Traditional-NPZ,6.0625,0.9434286237203633,0.04227375301829785
Traditional-NPZ,6.069444444444444,0.9435506591757534,0.04218436359243181
Traditional-NPZ,6.076388888888888,0.9436723302526114,0.04209523408710593
Traditional-NPZ,6.083333333333333,0.9437936412385595,0.042006366887936485
Traditional-NPZ,6.090277777777778,0.9439145880308476,0.04191776142838876
Traditional-NPZ,6.097222222222222,0.944035162241083,0.041829407355103654
Traditional-NPZ,6.104166666666666,0.9441553629411839,0.041741303523209164
Traditional-NPZ,6.111111111111111,0.9442752004982347,0.041653456657032135
Traditional-NPZ,6.118055555555555,0.9443946770696197,0.041565871354648246
Traditional-NPZ,6.125,0.9445138033559428,0.041478550139415094
Traditional-NPZ,6.131944444444444,0.9446325711930222,0.041391485459141404
Traditional-NPZ,6.138888888888888,0.9447509796979091,0.0413046749735826
Traditional-NPZ,6.145833333333333,0.9448690369986149,0.04121812404051993
Traditional-NPZ,6.152777777777778,0.944986747399009,0.04113183814216462
Traditional-NPZ,6.159722222222222,0.9451041048987209,0.04104581035819153
Traditional-NPZ,6.166666666666666,0.94522110898138,0.04096003909628965
Traditional-NPZ,6.173611111111111,0.9453377504047606,0.04087451693371909
Traditional-NPZ,6.180555555555555,0.9454540442699774,0.040789254023764834
Traditional-NPZ,6.1875,0.9455699929290798,0.04070425377758601
Traditional-NPZ,6.194444444444444,0.9456855979309826,0.0406195136599005
Traditional-NPZ,6.201388888888888,0.9458008586341171,0.04053503268789884
Traditional-NPZ,6.208333333333333,0.9459157785811932,0.040450811812670504
Traditional-NPZ,6.215277777777778,0.946030347345006,0.04036684190287709
Traditional-NPZ,6.222222222222221,0.9461445746978544,0.040283133925287644
Traditional-NPZ,6.229166666666666,0.9462584578207578,0.04019968260999186
Traditional-NPZ,6.236111111111111,0.9463720021572132,0.040116491817474245
Traditional-NPZ,6.243055555555555,0.9464851956840217,0.040033552197212975
Traditional-NPZ,6.25,0.9465980406813596,0.03995086698121221
Traditional-NPZ,6.256944444444444,0.9467105381351371,0.0398684366135675
Traditional-NPZ,6.263888888888888,0.9468226945112902,0.039786261480160186
Traditional-NPZ,6.270833333333333,0.946934506245486,0.03970433778130436
Traditional-NPZ,6.277777777777778,0.947045980107955,0.03962267106262944
Traditional-NPZ,6.284722222222221,0.9471571106515041,0.0395412562365099
Traditional-NPZ,6.291666666666666,0.947267907028608,0.03946010016141942
Traditional-NPZ,6.298611111111111,0.947378360270302,0.03937919211285423
Traditional-NPZ,6.305555555555555,0.9474884775320319,0.03929853814662864
Traditional-NPZ,6.3125,0.9475982637729218,0.03921814009163452
Traditional-NPZ,6.319444444444444,0.9477077105996656,0.039137990284554995
Traditional-NPZ,6.326388888888888,0.9478168114528563,0.03905808508833601
Traditional-NPZ,6.333333333333333,0.9479255769215135,0.03897843360690325
Traditional-NPZ,6.340277777777778,0.9480340013037967,0.03889902961755349
Traditional-NPZ,6.347222222222221,0.9481420951898153,0.03881987944566722
Traditional-NPZ,6.354166666666666,0.9482498477833562,0.03874097579709701
Traditional-NPZ,6.361111111111111,0.9483572697249422,0.03866232212530446
Traditional-NPZ,6.368055555555555,0.9484643566785561,0.03858391324491631
Traditional-NPZ,6.375,0.9485711064328604,0.038505746978929514
Traditional-NPZ,6.381944444444444,0.9486775311331774,0.038427834516677827
Traditional-NPZ,6.388888888888888,0.9487836271856073,0.03835017131600338
Traditional-NPZ,6.395833333333333,0.9488893923350255,0.03827275713543629
Traditional-NPZ,6.402777777777778,0.9489948225257874,0.03819558512278529
Traditional-NPZ,6.409722222222221,0.9490999083998751,0.03811864638841091
Traditional-NPZ,6.416666666666666,0.9492046702297919,0.038041956875966246
Traditional-NPZ,6.423611111111111,0.9493091134673933,0.037965521657675534
Traditional-NPZ,6.430555555555555,0.9494132208166641,0.037889324499567174
Traditional-NPZ,6.4375,0.949516989936432,0.03781336562642848
Traditional-NPZ,6.444444444444444,0.9496204408239091,0.03773765847913618
Traditional-NPZ,6.451388888888888,0.9497235570899866,0.037662190106331365
Traditional-NPZ,6.458333333333333,0.9498263386369068,0.03758695471124306
Traditional-NPZ,6.465277777777778,0.9499287975632096,0.037511962665305265
Traditional-NPZ,6.472222222222221,0.9500309339429513,0.037437214269136314
Traditional-NPZ,6.479166666666666,0.9501327536203522,0.037362712110191924
Traditional-NPZ,6.486111111111111,0.9502342399864894,0.037288439436196925
Traditional-NPZ,6.493055555555555,0.950335394324491,0.037214401943961216
Traditional-NPZ,6.5,0.950436230742899,0.03714060598529005
Traditional-NPZ,6.506944444444444,0.9505367453813129,0.03706705037508373
Traditional-NPZ,6.513888888888888,0.9506369410252844,0.036993736261683716
Traditional-NPZ,6.520833333333333,0.9507368074979988,0.03692065260908834
Traditional-NPZ,6.527777777777778,0.9508363570564963,0.03684780949645314
Traditional-NPZ,6.534722222222221,0.9509355930444273,0.036775208420203064
Traditional-NPZ,6.541666666666666,0.9510345121605073,0.03670284640750702
Traditional-NPZ,6.548611111111111,0.9511331150691632,0.036630721765227484
Traditional-NPZ,6.555555555555555,0.9512313920417865,0.03655882439029975
Traditional-NPZ,6.5625,0.9513293540267115,0.0364871643240682
Traditional-NPZ,6.569444444444444,0.9514270086288589,0.03641574661473283
Traditional-NPZ,6.576388888888888,0.9515243495707716,0.03634456408856191
Traditional-NPZ,6.583333333333333,0.9516213709603566,0.036273612786685804
Traditional-NPZ,6.590277777777778,0.9517180773830647,0.03620289399751488
Traditional-NPZ,6.597222222222221,0.9518144671159819,0.03613240457223979
Traditional-NPZ,6.604166666666666,0.9519105451956411,0.036062149469130035
Traditional-NPZ,6.611111111111111,0.9520063071255683,0.035992120815053374
Traditional-NPZ,6.618055555555555,0.9521017514323687,0.035922316299079896
Traditional-NPZ,6.625,0.952196894380221,0.03585275131439008
Traditional-NPZ,6.631944444444444,0.9522917243615474,0.035783413644338215
Traditional-NPZ,6.638888888888888,0.9523862334698483,0.03571429460497376
Traditional-NPZ,6.645833333333333,0.9524804346483577,0.035645404655400136
Traditional-NPZ,6.652777777777778,0.9525743266436464,0.035576742306815935
Traditional-NPZ,6.659722222222221,0.95266790867989,0.03550830646341335
Traditional-NPZ,6.666666666666666,0.9527611829085078,0.03544009712485735
Traditional-NPZ,6.673611111111111,0.9528541491661919,0.035372112290327405
Traditional-NPZ,6.680555555555555,0.9529468091640667,0.035304354508146785
Traditional-NPZ,6.6875,0.9530391635641398,0.03523682190754481
Traditional-NPZ,6.694444444444444,0.9531312078693294,0.03516951182841535
Traditional-NPZ,6.701388888888888,0.9532229393090486,0.03510242134839359
Traditional-NPZ,6.708333333333333,0.9533143746595696,0.03503556561371388
Traditional-NPZ,6.715277777777778,0.9534055148947576,0.03496894462960325
Traditional-NPZ,6.722222222222221,0.9534963607287626,0.034902555741278284
Traditional-NPZ,6.729166666666666,0.9535868984112755,0.03483638474373794
Traditional-NPZ,6.736111111111111,0.9536771327334541,0.03477043385770988
Traditional-NPZ,6.743055555555555,0.9537670591096559,0.034704698141193445
Traditional-NPZ,6.75,0.9538566795202316,0.03463918101066372
Traditional-NPZ,6.756944444444444,0.9539459873460631,0.03457387692660066
Traditional-NPZ,6.763888888888888,0.9540349923501306,0.03450879318694384
Traditional-NPZ,6.770833333333333,0.95412369131778,0.03444392261774135
Traditional-NPZ,6.777777777777778,0.9542120872086889,0.03437926636891163
Traditional-NPZ,6.784722222222221,0.9543001787898855,0.0343148221667337
Traditional-NPZ,6.791666666666666,0.9543879810729329,0.03425060504663031
Traditional-NPZ,6.798611111111111,0.9544754879054951,0.03418660705409404
Traditional-NPZ,6.805555555555555,0.9545626995407944,0.03412282822619463
Traditional-NPZ,6.8125,0.9546496179364407,0.03405926919857481
Traditional-NPZ,6.819444444444444,0.9547362404374936,0.03399592506934632
Traditional-NPZ,6.826388888888888,0.9548225653778828,0.033932795691734824
Traditional-NPZ,6.833333333333333,0.9549085905770868,0.03386988038241914
Traditional-NPZ,6.840277777777778,0.9549943050998907,0.03380716539055874
Traditional-NPZ,6.847222222222221,0.9550797159762642,0.03374465578255179
Traditional-NPZ,6.854166666666666,0.9551648286191238,0.03368235520267442
Traditional-NPZ,6.861111111111111,0.9552496375147708,0.03362025724977364
Traditional-NPZ,6.868055555555555,0.9553341481553879,0.03355836529431217
Traditional-NPZ,6.875,0.9554183544986418,0.033496673972134856
Traditional-NPZ,6.881944444444444,0.9555022654406481,0.033435189635846206
Traditional-NPZ,6.888888888888888,0.9555858824270359,0.03337391249411701
Traditional-NPZ,6.895833333333333,0.9556692033355663,0.03331283903287386
Traditional-NPZ,6.902777777777778,0.9557522250319311,0.03325196617322282
Traditional-NPZ,6.909722222222221,0.955834950984275,0.033191297319988655
Traditional-NPZ,6.916666666666666,0.9559173859992185,0.033130833332395866
Traditional-NPZ,6.923611111111111,0.9559995352025182,0.03307058105416016
Traditional-NPZ,6.930555555555555,0.9560813900861892,0.03301053009104525
Traditional-NPZ,6.9375,0.9561629501398639,0.032950679157921645
Traditional-NPZ,6.944444444444444,0.9562442184857779,0.03289103013283503
Traditional-NPZ,6.951388888888888,0.956325185965694,0.032831572062731074
Traditional-NPZ,6.958333333333333,0.9564058588906801,0.03277231141152435
Traditional-NPZ,6.965277777777778,0.9564862313623603,0.03271323985901541
Traditional-NPZ,6.972222222222221,0.9565663223109336,0.03265437559791334
Traditional-NPZ,6.979166666666666,0.9566461179291372,0.032595704481259764
Traditional-NPZ,6.986111111111111,0.9567256136171636,0.03253722298927045
Traditional-NPZ,6.993055555555555,0.9568048139666082,0.03247893337112419
Traditional-NPZ,7.0,0.9568837206016101,0.03242083437039916
Traditional-NPZ,-1.0,0.8892201351024657,0.05941451502408732
PI-NPZ,0.0,0.8637911640788429,0.07488919572941481
PI-NPZ,0.006944444444444444,0.8638020756332339,0.07487531653768571
PI-NPZ,0.013888888888888888,0.8638127138343498,0.07486148829049281
PI-NPZ,0.020833333333333332,0.8638230953810673,0.07484769996377483
PI-NPZ,0.027777777777777776,0.8638332622689442,0.07483400597347144
PI-NPZ,0.034722222222222224,0.8638431303716453,0.07482040814423752
PI-NPZ,0.041666666666666664,0.8638526582074884,0.07480700014868544
PI-NPZ,0.048611111111111105,0.8638617858235873,0.07479369572903094
PI-NPZ,0.05555555555555555,0.863870614028064,0.07478044071531444
PI-NPZ,0.0625,0.8638791251177345,0.07476728742286204
PI-NPZ,0.06944444444444445,0.8638873407552526,0.07475425068242939
PI-NPZ,0.07638888888888888,0.8638952332947472,0.07474143557248712
PI-NPZ,0.08333333333333333,0.8639027818607209,0.07472875154117928
PI-NPZ,0.09027777777777778,0.8639100341333311,0.07471614594005581
PI-NPZ,0.09722222222222221,0.8639169275969123,0.07470377060995136
PI-NPZ,0.10416666666666666,0.8639235362684727,0.07469159359736244
PI-NPZ,0.1111111111111111,0.8639296943347938,0.07467978460053377
PI-NPZ,0.11805555555555555,0.8639354503400091,0.074668321487158
PI-NPZ,0.125,0.8639408612404265,0.07465696266677566
PI-NPZ,0.13194444444444445,0.8639458519580144,0.07464587371524566
PI-NPZ,0.1388888888888889,0.8639503477837264,0.07463508957835895
PI-NPZ,0.14583333333333331,0.8639543952280433,0.07462450474946192
PI-NPZ,0.15277777777777776,0.863958137342203,0.07461401940763022
PI-NPZ,0.1597222222222222,0.8639615639603061,0.0746036533180944
PI-NPZ,0.16666666666666666,0.8639646210186518,0.0745933661340032
PI-NPZ,0.1736111111111111,0.8639673207213918,0.07458318861991141
PI-NPZ,0.18055555555555555,0.8639695749758991,0.07457319753306836
PI-NPZ,0.1875,0.8639714326750788,0.07456341253177529
PI-NPZ,0.19444444444444442,0.8639728146976458,0.07455381631921593
PI-NPZ,0.20138888888888887,0.863973716022718,0.07454446064769725
PI-NPZ,0.20833333333333331,0.8639742244436752,0.07453523908903417
PI-NPZ,0.21527777777777776,0.8639742993508127,0.07452621471857716
PI-NPZ,0.2222222222222222,0.8639738075020631,0.07451745113733099
PI-NPZ,0.22916666666666666,0.8639727205629048,0.07450896961812328
PI-NPZ,0.2361111111111111,0.8639710151077052,0.07450073060830549
PI-NPZ,0.24305555555555555,0.8639687686813617,0.07449273556078356
PI-NPZ,0.25,0.8639660540710844,0.07448510643992573
PI-NPZ,0.2569444444444444,0.8639628384903851,0.07447766908214916
PI-NPZ,0.2638888888888889,0.8639590527950426,0.0744704448530365
PI-NPZ,0.2708333333333333,0.8639547364629728,0.07446351415528137
PI-NPZ,0.2777777777777778,0.8639498590950834,0.07445671106467824
PI-NPZ,0.2847222222222222,0.8639443906836256,0.07445018269476979
PI-NPZ,0.29166666666666663,0.8639382876159033,0.07444382628384302
PI-NPZ,0.2986111111111111,0.8639316570097456,0.07443774508133302
PI-NPZ,0.3055555555555555,0.8639244690594486,0.07443182894924909
PI-NPZ,0.3125,0.8639167553435749,0.07442604128193182
PI-NPZ,0.3194444444444444,0.8639083811775474,0.0744205008874171
PI-NPZ,0.3263888888888889,0.8638995502629322,0.07441510269236638
PI-NPZ,0.3333333333333333,0.8638902468743171,0.07440995502547403
PI-NPZ,0.34027777777777773,0.8638802983311562,0.07440508686473958
PI-NPZ,0.3472222222222222,0.8638698020183614,0.07440041184193764
PI-NPZ,0.35416666666666663,0.8638586800746686,0.07439614601296228
PI-NPZ,0.3611111111111111,0.8638469498197506,0.07439222457258134
PI-NPZ,0.3680555555555555,0.8638346613166435,0.07438844540560384
PI-NPZ,0.375,0.8638218581149575,0.07438483013742404
PI-NPZ,0.3819444444444444,0.8638084810244622,0.0743814047191546
PI-NPZ,0.38888888888888884,0.8637945295747196,0.07437814791897213
PI-NPZ,0.3958333333333333,0.8637799656761473,0.07437523217538336
PI-NPZ,0.40277777777777773,0.8637647742779768,0.07437262183572886
PI-NPZ,0.4097222222222222,0.8637489870992272,0.07437030360428785
PI-NPZ,0.41666666666666663,0.8637326337770141,0.07436810232154972
PI-NPZ,0.4236111111111111,0.863715644381279,0.07436614708340694
PI-NPZ,0.4305555555555555,0.8636979659559971,0.07436452726683433
PI-NPZ,0.4375,0.8636795818615923,0.0743630745945876
PI-NPZ,0.4444444444444444,0.8636604156254863,0.07436203861603367
PI-NPZ,0.45138888888888884,0.8636406088271994,0.07436133900483874
PI-NPZ,0.4583333333333333,0.8636200350986983,0.07436102109203474
PI-NPZ,0.46527777777777773,0.8635988387202026,0.07436098176036492
PI-NPZ,0.4722222222222222,0.8635769466424479,0.07436139738660351
PI-NPZ,0.47916666666666663,0.8635543291649086,0.07436225668684787
PI-NPZ,0.4861111111111111,0.8635309270693801,0.07436337416764151
PI-NPZ,0.4930555555555555,0.8635068037918311,0.07436472128077168
PI-NPZ,0.5,0.8634818930871092,0.07436640413028839
PI-NPZ,0.5069444444444444,0.8634561885269961,0.07436831142922071
PI-NPZ,0.5138888888888888,0.8634298098345978,0.0743704631082384
PI-NPZ,0.5208333333333333,0.8634026911844918,0.07437285438051576
PI-NPZ,0.5277777777777778,0.8633748776376287,0.074375397724514
PI-NPZ,0.5347222222222222,0.8633463855234639,0.07437819196390762
PI-NPZ,0.5416666666666666,0.8633173287942864,0.07438127587952158
PI-NPZ,0.548611111111111,0.8632875655328697,0.07438483208423942
PI-NPZ,0.5555555555555556,0.8632569973270164,0.07438870148601572
PI-NPZ,0.5625,0.8632256867024117,0.07439286456377217
PI-NPZ,0.5694444444444444,0.8631935560009946,0.07439721747907178
PI-NPZ,0.5763888888888888,0.8631606616177079,0.07440173572589283
PI-NPZ,0.5833333333333333,0.8631270365262897,0.07440631721648358
PI-NPZ,0.5902777777777778,0.8630927245975314,0.07441123275290226
PI-NPZ,0.5972222222222222,0.8630576856974557,0.07441636556449825
PI-NPZ,0.6041666666666666,0.8630218712693033,0.0744216884554359
PI-NPZ,0.611111111111111,0.8629852079321012,0.07442732572061378
PI-NPZ,0.6180555555555555,0.8629478219951104,0.07443321639536249
PI-NPZ,0.625,0.862909773265186,0.07443954285626936
PI-NPZ,0.6319444444444444,0.8628710396958138,0.07444604133280473
PI-NPZ,0.6388888888888888,0.8628317037935561,0.0744526676347766
PI-NPZ,0.6458333333333333,0.8627916001559559,0.07445942939049097
PI-NPZ,0.6527777777777778,0.8627506392807135,0.07446645315477231
PI-NPZ,0.6597222222222222,0.8627088104397477,0.07447366161674294
PI-NPZ,0.6666666666666666,0.8626660660669355,0.07448105617127881
PI-NPZ,0.673611111111111,0.8626225291593369,0.07448861732501313
PI-NPZ,0.6805555555555555,0.8625780226774291,0.07449652483483918
PI-NPZ,0.6875,0.8625326464003776,0.07450486701769007
PI-NPZ,0.6944444444444444,0.8624862269547939,0.07451360741186665
PI-NPZ,0.7013888888888888,0.8624388861969551,0.07452270736407927
PI-NPZ,0.7083333333333333,0.8623907447063531,0.07453224445480879
PI-NPZ,0.7152777777777778,0.8623417733479646,0.07454213725241471
PI-NPZ,0.7222222222222222,0.8622920558792567,0.07455253839400239
PI-NPZ,0.7291666666666666,0.8622414799219899,0.07456330425937766
PI-NPZ,0.736111111111111,0.8621898828633044,0.07457446731960933
PI-NPZ,0.7430555555555555,0.8621373728155011,0.07458599673251264
PI-NPZ,0.75,0.8620836437300955,0.07459771341119016
PI-NPZ,0.7569444444444444,0.862028831075414,0.07460978719400338
PI-NPZ,0.7638888888888888,0.8619730632327267,0.0746222031294354
PI-NPZ,0.7708333333333333,0.861916264428825,0.07463496345005745
PI-NPZ,0.7777777777777777,0.8618585412234878,0.07464814275927448
PI-NPZ,0.7847222222222222,0.8617996675939897,0.07466171938796332
PI-NPZ,0.7916666666666666,0.8617397625220329,0.07467569612172795
PI-NPZ,0.798611111111111,0.8616788235970828,0.07469007970969589
PI-NPZ,0.8055555555555555,0.8616167421766933,0.07470512779002927
PI-NPZ,0.8125,0.8615535085869699,0.07472067628313488
PI-NPZ,0.8194444444444444,0.8614893897171954,0.07473682715344404
PI-NPZ,0.8263888888888888,0.8614241711090737,0.07475339488455505
PI-NPZ,0.8333333333333333,0.8613577669228155,0.07477056914399703
PI-NPZ,0.8402777777777777,0.8612903511053001,0.07478812188882296
PI-NPZ,0.8472222222222222,0.8612216144571762,0.07480625019435504
PI-NPZ,0.8541666666666666,0.8611517585273611,0.07482478859978359
PI-NPZ,0.861111111111111,0.8610807221667448,0.07484375828705038
PI-NPZ,0.8680555555555555,0.8610083780238881,0.07486329374509325
PI-NPZ,0.875,0.8609348364286232,0.07488332907735538
PI-NPZ,0.8819444444444444,0.8608601499671206,0.07490397235679402
PI-NPZ,0.8888888888888888,0.860784370217347,0.07492530478345644
PI-NPZ,0.8958333333333333,0.8607074524892121,0.07494716448008146
PI-NPZ,0.9027777777777777,0.8606293586217554,0.07496954061580674
PI-NPZ,0.9097222222222222,0.8605501652345229,0.07499248876836143
PI-NPZ,0.9166666666666666,0.8604697846976165,0.07501602556995357
PI-NPZ,0.923611111111111,0.8603881246326854,0.07504008454859729
PI-NPZ,0.9305555555555555,0.8603052268789236,0.07506463598978225
PI-NPZ,0.9375,0.8602210484852919,0.07508989544747492
PI-NPZ,0.9444444444444444,0.8601355357030793,0.07511588242377036
PI-NPZ,0.9513888888888888,0.860048839193904,0.07514267897849725
PI-NPZ,0.9583333333333333,0.8599608974652969,0.0751701127818665
PI-NPZ,0.9652777777777777,0.8598715667455051,0.07519811679779433
PI-NPZ,0.9722222222222222,0.8597809458408578,0.07522667984022488
PI-NPZ,0.9791666666666666,0.8596890077309101,0.07525574159023955
PI-NPZ,0.986111111111111,0.8595957187027238,0.07528552251028721
PI-NPZ,0.9930555555555555,0.85950133137214,0.07531593269257926
PI-NPZ,1.0,0.8594053915037119,0.07534704508170705
PI-NPZ,1.0069444444444444,0.8593080009016194,0.07537894850510068
PI-NPZ,1.0138888888888888,0.8592092735459052,0.07541149510542942
PI-NPZ,1.0208333333333333,0.8591092793449152,0.07544474586912311
PI-NPZ,1.0277777777777777,0.8590080568152803,0.07547880658902115
PI-NPZ,1.034722222222222,0.8589058760168584,0.07551380757303872
PI-NPZ,1.0416666666666665,0.8588026204043855,0.07554967829597262
PI-NPZ,1.0486111111111112,0.8586981569084031,0.07558645596168097
PI-NPZ,1.0555555555555556,0.8585923716809809,0.07562409719018204
PI-NPZ,1.0625,0.8584852064088856,0.07566218557836096
PI-NPZ,1.0694444444444444,0.8583769727910796,0.07570101654125856
PI-NPZ,1.0763888888888888,0.8582679008553036,0.075740473497348
PI-NPZ,1.0833333333333333,0.8581578267795348,0.07578071657706639
PI-NPZ,1.0902777777777777,0.8580463965054479,0.07582176357170962
PI-NPZ,1.097222222222222,0.8579338934598292,0.07586364831919142
PI-NPZ,1.1041666666666665,0.8578204108829656,0.07590647408064662
PI-NPZ,1.1111111111111112,0.8577057895562927,0.07594985741570962
PI-NPZ,1.1180555555555556,0.8575900357575719,0.07599414820426338
PI-NPZ,1.125,0.8574734044852077,0.07603933865482586
PI-NPZ,1.1319444444444444,0.8573557795803152,0.0760852249589504
PI-NPZ,1.1388888888888888,0.8572371746555592,0.0761319356465135
PI-NPZ,1.1458333333333333,0.8571175179410773,0.07617956967460633
PI-NPZ,1.1527777777777777,0.8569968047979152,0.07622817421735897
PI-NPZ,1.159722222222222,0.8568748387844097,0.076277787290124
PI-NPZ,1.1666666666666665,0.8567520166197427,0.07632822264524525
PI-NPZ,1.173611111111111,0.8566283771398651,0.07637948998242952
PI-NPZ,1.1805555555555556,0.8565037791897745,0.07643132312723883
PI-NPZ,1.1875,0.8563783586578576,0.07648390447063094
PI-NPZ,1.1944444444444444,0.8562524453514064,0.07653732548869717
PI-NPZ,1.2013888888888888,0.8561258410860149,0.07659161869170372
PI-NPZ,1.2083333333333333,0.855998567379597,0.07664649566442852
PI-NPZ,1.2152777777777777,0.8558703948847853,0.07670187280855749
PI-NPZ,1.222222222222222,0.8557412073695584,0.07675792096453327
PI-NPZ,1.2291666666666665,0.8556115398022517,0.07681473515518539
PI-NPZ,1.236111111111111,0.8554814454527698,0.0768721664074614
PI-NPZ,1.2430555555555556,0.8553507797298139,0.07693011737391975
PI-NPZ,1.25,0.8552193293286743,0.07698880611320094
PI-NPZ,1.2569444444444444,0.8550873112821049,0.07704803931281753
PI-NPZ,1.2638888888888888,0.8549545872682798,0.07710786853853685
PI-NPZ,1.2708333333333333,0.8548212651538487,0.07716832741775473
PI-NPZ,1.2777777777777777,0.8546877272989704,0.07722961398419091
PI-NPZ,1.284722222222222,0.8545538104858583,0.07729171071063692
PI-NPZ,1.2916666666666665,0.8544196989985308,0.0773545276931627
PI-NPZ,1.298611111111111,0.8542854231528889,0.07741796269567473
PI-NPZ,1.3055555555555556,0.8541508535711865,0.07748199836338746
PI-NPZ,1.3125,0.8540161204972035,0.07754691117537904
PI-NPZ,1.3194444444444444,0.8538812412115809,0.07761238279490484
PI-NPZ,1.3263888888888888,0.8537461277163806,0.07767851079327895
PI-NPZ,1.3333333333333333,0.8536108022293749,0.07774526499120787
PI-NPZ,1.3402777777777777,0.8534754371950939,0.07781253175303857
PI-NPZ,1.347222222222222,0.8533400719336134,0.0778802816610121
PI-NPZ,1.3541666666666665,0.8532048780596397,0.07794846713500833
PI-NPZ,1.361111111111111,0.8530697048022443,0.07801701436150935
PI-NPZ,1.3680555555555556,0.8529345903879314,0.07808612076813866
PI-NPZ,1.375,0.8527995458091729,0.07815546386329382
PI-NPZ,1.3819444444444444,0.8526644185869247,0.07822527209984775
PI-NPZ,1.3888888888888888,0.8525292200684368,0.07829582505076758
PI-NPZ,1.3958333333333333,0.8523940741690763,0.07836668924321055
PI-NPZ,1.4027777777777777,0.8522590222108555,0.07843795921901936
PI-NPZ,1.409722222222222,0.8521241581691358,0.0785096869769037
PI-NPZ,1.4166666666666665,0.8519895055888139,0.07858167401127246
PI-NPZ,1.423611111111111,0.8518548516907201,0.07865400132684179
PI-NPZ,1.4305555555555556,0.851720341569247,0.0787267260600053
PI-NPZ,1.4375,0.8515858607298524,0.07879973108343719
PI-NPZ,1.4444444444444444,0.851451311482321,0.07887323331034037
PI-NPZ,1.4513888888888888,0.8513172611095693,0.07894709304843671
PI-NPZ,1.4583333333333333,0.8511835785081474,0.07902157378138767
PI-NPZ,1.4652777777777777,0.8510504062572507,0.07909646307572851
PI-NPZ,1.472222222222222,0.8509175156769324,0.07917176516342109
PI-NPZ,1.4791666666666665,0.8507850885563378,0.07924730595526698
PI-NPZ,1.486111111111111,0.8506529038220446,0.07932330060873873
PI-NPZ,1.4930555555555556,0.8505210020199427,0.07939986201984839
PI-NPZ,1.5,0.8503894594444085,0.07947683970146475
PI-NPZ,1.5069444444444444,0.8502580984226843,0.07955413558100574
PI-NPZ,1.5138888888888888,0.8501270140858002,0.0796317961056946
PI-NPZ,1.5208333333333333,0.8499965629175165,0.07970977589819664
PI-NPZ,1.5277777777777777,0.8498668832103128,0.07978801021934548
PI-NPZ,1.534722222222222,0.8497376290986648,0.0798668134511358
PI-NPZ,1.5416666666666665,0.8496089003230064,0.07994604224435102
PI-NPZ,1.548611111111111,0.8494807386072706,0.08002543514493994
PI-NPZ,1.5555555555555554,0.8493529805449767,0.08010528198278354
PI-NPZ,1.5625,0.8492257835317162,0.08018538826386806
PI-NPZ,1.5694444444444444,0.8490990868730257,0.08026610794138037
PI-NPZ,1.5763888888888888,0.8489726325076448,0.08034759178856554
PI-NPZ,1.5833333333333333,0.8488467151071352,0.08042946728673753
PI-NPZ,1.5902777777777777,0.8487213590400886,0.08051169195091111
PI-NPZ,1.597222222222222,0.8485963055681351,0.0805944497173741
PI-NPZ,1.6041666666666665,0.8484720091428807,0.08067836684339584
PI-NPZ,1.611111111111111,0.8483487819743388,0.08076244193665977
PI-NPZ,1.6180555555555554,0.8482262988656546,0.08084651065287626
PI-NPZ,1.625,0.8481043254253303,0.0809308877024313
PI-NPZ,1.6319444444444444,0.8479827754157577,0.08101552584960889
PI-NPZ,1.6388888888888888,0.847861818736958,0.081100885463224
PI-NPZ,1.6458333333333333,0.8477413375187561,0.08118738126423007
PI-NPZ,1.6527777777777777,0.847621599879595,0.08127437494515087
PI-NPZ,1.659722222222222,0.8475027080982187,0.08136201615922188
PI-NPZ,1.6666666666666665,0.8473846626497527,0.08145030732724078
PI-NPZ,1.673611111111111,0.8472676305559328,0.08153912992282343
PI-NPZ,1.6805555555555554,0.8471515412354447,0.08162844455598868
PI-NPZ,1.6875,0.8470365135207628,0.08171779223674737
PI-NPZ,1.6944444444444444,0.8469222091301215,0.08180689571204341
PI-NPZ,1.7013888888888888,0.8468088679066211,0.08189578204385548
PI-NPZ,1.7083333333333333,0.8466969231455088,0.0819848442672666
PI-NPZ,1.7152777777777777,0.8465861587012463,0.0820742499555655
PI-NPZ,1.722222222222222,0.8464761499712012,0.08216401226267493
PI-NPZ,1.7291666666666665,0.8463671499340324,0.08225366194430737
PI-NPZ,1.736111111111111,0.8462589753979997,0.0823433365628691
PI-NPZ,1.7430555555555554,0.8461519198753289,0.08243345016893398
PI-NPZ,1.75,0.8460461649977841,0.0825235309328865
PI-NPZ,1.7569444444444444,0.8459420182217996,0.08261369394401992
PI-NPZ,1.7638888888888888,0.8458393135583355,0.08270430976306087
PI-NPZ,1.7708333333333333,0.8457381052268894,0.08279532342827388
PI-NPZ,1.7777777777777777,0.8456386664522745,0.082886304771868
PI-NPZ,1.784722222222222,0.8455410102415917,0.08297710637247024
PI-NPZ,1.7916666666666665,0.8454450500539427,0.08306747099170038
PI-NPZ,1.798611111111111,0.8453510341036142,0.08315745445116919
PI-NPZ,1.8055555555555554,0.8452589741404168,0.08324750002870511
PI-NPZ,1.8125,0.8451687137143057,0.08333770279218938
PI-NPZ,1.8194444444444444,0.8450803246902238,0.08342790597852622
PI-NPZ,1.8263888888888888,0.8449940815556604,0.08351798513647396
PI-NPZ,1.8333333333333333,0.8449100068077383,0.08360803577784681
PI-NPZ,1.8402777777777777,0.8448284880739895,0.08369748350614054
PI-NPZ,1.847222222222222,0.8447499199937901,0.08378603260910787
PI-NPZ,1.8541666666666665,0.8446740568044014,0.08387400683904654
PI-NPZ,1.861111111111111,0.844600938416238,0.08396111843153388
PI-NPZ,1.8680555555555554,0.8445300236868798,0.08404777810932484
PI-NPZ,1.875,0.8444616173925426,0.08413375064074846
PI-NPZ,1.8819444444444444,0.844396312604418,0.08421873625887148
PI-NPZ,1.8888888888888888,0.8443340836212794,0.08430297983270814
PI-NPZ,1.8958333333333333,0.8442746366382071,0.08438660750293622
PI-NPZ,1.9027777777777777,0.8442183470950341,0.0844694010242649
PI-NPZ,1.909722222222222,0.8441653413499437,0.08455111445572601
PI-NPZ,1.9166666666666665,0.8441154920495773,0.08463223679682905
PI-NPZ,1.923611111111111,0.8440689730016455,0.08471257443195364
PI-NPZ,1.9305555555555554,0.844026353174026,0.0847916925866867
PI-NPZ,1.9375,0.8439874945408726,0.08486970864983696
PI-NPZ,1.9444444444444444,0.8439522691146135,0.08494702474301169
PI-NPZ,1.9513888888888888,0.8439206787638315,0.08502370221320937
PI-NPZ,1.9583333333333333,0.8438928490999126,0.08509961538472265
PI-NPZ,1.9652777777777777,0.8438692818196971,0.0851739042171929
PI-NPZ,1.972222222222222,0.843849878230513,0.08524632002894544
PI-NPZ,1.9791666666666665,0.8438346706326378,0.08531761442615537
PI-NPZ,1.986111111111111,0.8438239265065313,0.0853873471348869
PI-NPZ,1.9930555555555554,0.8438176575683909,0.08545553759870898
PI-NPZ,2.0,0.8438162122571166,0.08552172184395063
PI-NPZ,2.006944444444444,0.843819325917747,0.0855862698200858
PI-NPZ,2.013888888888889,0.8438271556819107,0.08564843820072278
PI-NPZ,2.020833333333333,0.8438396453891718,0.0857089139558624
PI-NPZ,2.0277777777777777,0.8438566573906664,0.08576793234802622
PI-NPZ,2.0347222222222223,0.8438792366905337,0.08582421246482956
PI-NPZ,2.0416666666666665,0.8439069203630618,0.08587849587963843
PI-NPZ,2.048611111111111,0.843939588542043,0.08593096353077595
PI-NPZ,2.0555555555555554,0.8439777103722471,0.08598093735424735
PI-NPZ,2.0625,0.8440210814152197,0.08602829747251624
PI-NPZ,2.069444444444444,0.8440702445705568,0.08607285805171917
PI-NPZ,2.076388888888889,0.844124824786488,0.08611477055505104
PI-NPZ,2.083333333333333,0.8441849710334499,0.086153817930271
PI-NPZ,2.0902777777777777,0.8442513125859114,0.08618961871484628
PI-NPZ,2.0972222222222223,0.844323071102678,0.0862233085690142
PI-NPZ,2.1041666666666665,0.8444007920704184,0.08625395410881692
PI-NPZ,2.111111111111111,0.8444846225752126,0.08628170185393072
PI-NPZ,2.1180555555555554,0.8445744292885962,0.08630616218476546
PI-NPZ,2.125,0.8446691640526723,0.08632799725336752
PI-NPZ,2.131944444444444,0.8447690057400155,0.0863476851635708
PI-NPZ,2.138888888888889,0.8448743967815078,0.086365076305995
PI-NPZ,2.145833333333333,0.844985454722454,0.08638016214241608
PI-NPZ,2.1527777777777777,0.845102337716662,0.08639306280595074
PI-NPZ,2.1597222222222223,0.8452250208636627,0.08640366639294221
PI-NPZ,2.1666666666666665,0.8453537896192197,0.08641223348622894
PI-NPZ,2.173611111111111,0.845488700482533,0.08641784422178062
PI-NPZ,2.1805555555555554,0.8456291023513416,0.08642089961961348
PI-NPZ,2.1875,0.8457745074026951,0.08642143656698686
PI-NPZ,2.194444444444444,0.8459252825928598,0.08642016064536047
PI-NPZ,2.201388888888889,0.8460819050097884,0.08641641207214948
PI-NPZ,2.208333333333333,0.8462437797624077,0.08641004038107422
PI-NPZ,2.2152777777777777,0.8464110201621667,0.08640141327038486
PI-NPZ,2.2222222222222223,0.8465837675843515,0.08639017101845418
PI-NPZ,2.2291666666666665,0.8467614334929927,0.08637649789527511
PI-NPZ,2.236111111111111,0.8469447140330073,0.08636003977913566
PI-NPZ,2.2430555555555554,0.8471334747069991,0.08634164392834758
PI-NPZ,2.25,0.847327497477267,0.08632085172850305
PI-NPZ,2.256944444444444,0.8475268445963124,0.086297732771743
PI-NPZ,2.263888888888889,0.8477311316360415,0.086273031526874
PI-NPZ,2.270833333333333,0.8479405048778,0.0862464209779833
PI-NPZ,2.2777777777777777,0.8481543786638934,0.08621846421489808
PI-NPZ,2.284722222222222,0.8483718871669536,0.08618970331439667
PI-NPZ,2.2916666666666665,0.8485934473325362,0.08615974270882579
PI-NPZ,2.298611111111111,0.8488195022493962,0.08612826568262497
PI-NPZ,2.3055555555555554,0.8490496201646173,0.08609547689263397
PI-NPZ,2.3125,0.8492832027214541,0.08606141557765465
PI-NPZ,2.319444444444444,0.8495197163634184,0.08602632202529242
PI-NPZ,2.326388888888889,0.8497598013432281,0.08599000644128238
PI-NPZ,2.333333333333333,0.8500035450525119,0.08595247445211279
PI-NPZ,2.3402777777777777,0.8502513620204348,0.08591379055626415
PI-NPZ,2.347222222222222,0.8505019300233628,0.08587418476224105
PI-NPZ,2.3541666666666665,0.8507555860707327,0.08583334641560456
PI-NPZ,2.361111111111111,0.8510123992759532,0.08579155919437526
PI-NPZ,2.3680555555555554,0.8512719699353883,0.08574885674600446
PI-NPZ,2.375,0.8515340722344183,0.08570598926047346
PI-NPZ,2.381944444444444,0.851799334802801,0.08566253722549302
PI-NPZ,2.388888888888889,0.8520663356899317,0.0856192093057431
PI-NPZ,2.395833333333333,0.8523353725397662,0.08557586985814152
PI-NPZ,2.4027777777777777,0.8526067511734057,0.08553228473483199
PI-NPZ,2.409722222222222,0.8528797570791271,0.08548894039941163
PI-NPZ,2.4166666666666665,0.8531547183041455,0.08544527953112721
PI-NPZ,2.423611111111111,0.8534308857295113,0.08540242797609256
PI-NPZ,2.4305555555555554,0.8537068546912137,0.08536113694580734
PI-NPZ,2.4375,0.8539828015886178,0.0853202804434545
PI-NPZ,2.444444444444444,0.8542591766861124,0.08528063782111936
PI-NPZ,2.451388888888889,0.8545362414194558,0.08524171550552495
PI-NPZ,2.458333333333333,0.8548139554886564,0.0852034580813035
PI-NPZ,2.4652777777777777,0.855091448427302,0.08516636782539852
PI-NPZ,2.472222222222222,0.8553677296334016,0.08513059737254447
PI-NPZ,2.4791666666666665,0.8556433682881454,0.08509575779011387
PI-NPZ,2.486111111111111,0.8559180864128862,0.08506206863666066
PI-NPZ,2.4930555555555554,0.8561924704393614,0.08502973108888534
PI-NPZ,2.5,0.8564670795884437,0.08499838640261213
PI-NPZ,2.506944444444444,0.8567411247031121,0.08496834099940521
PI-NPZ,2.513888888888889,0.8570140061921439,0.08493960146988885
PI-NPZ,2.520833333333333,0.8572864749259527,0.08491211071637841
PI-NPZ,2.5277777777777777,0.857558256413216,0.08488666469428519
PI-NPZ,2.534722222222222,0.8578288800707108,0.08486248564114923
PI-NPZ,2.5416666666666665,0.8580980463989122,0.08483962506695966
PI-NPZ,2.548611111111111,0.858364723797132,0.08481797839212783
PI-NPZ,2.5555555555555554,0.8586293752819276,0.08479752165934153
PI-NPZ,2.5625,0.8588924604266268,0.08477876452418977
PI-NPZ,2.569444444444444,0.8591539640134437,0.0847621037071357
PI-NPZ,2.576388888888889,0.8594139535532587,0.0847476235390679
PI-NPZ,2.583333333333333,0.8596717828462566,0.0847350512689992
PI-NPZ,2.5902777777777777,0.8599271079775231,0.08472399642375751
PI-NPZ,2.597222222222222,0.8601812831255429,0.08471495373558703
PI-NPZ,2.6041666666666665,0.8604332795938653,0.08470802512255116
PI-NPZ,2.611111111111111,0.860681928679802,0.08470330039353484
PI-NPZ,2.6180555555555554,0.8609272339495537,0.0847007918254987
PI-NPZ,2.625,0.8611687519272216,0.08470096534499034
PI-NPZ,2.631944444444444,0.861407401788529,0.08470365778097809
PI-NPZ,2.638888888888889,0.8616436016291513,0.08470921828810378
PI-NPZ,2.645833333333333,0.8618760401838717,0.08471752504977759
PI-NPZ,2.6527777777777777,0.8621051749728906,0.08472840853383659
PI-NPZ,2.659722222222222,0.862330747911767,0.08474138018330607
PI-NPZ,2.6666666666666665,0.8625538712127323,0.0847560950511898
PI-NPZ,2.673611111111111,0.8627739852026537,0.08477271275134313
PI-NPZ,2.6805555555555554,0.8629905470740711,0.08479091800230507
PI-NPZ,2.6875,0.8632042922832587,0.08481058986023698
PI-NPZ,2.694444444444444,0.863415776956488,0.08483166150093985
PI-NPZ,2.701388888888889,0.8636242248758145,0.08485436382942539
PI-NPZ,2.708333333333333,0.863828832576214,0.08487895003513843
PI-NPZ,2.7152777777777777,0.8640290071095535,0.08490508725673072
PI-NPZ,2.722222222222222,0.8642246227981668,0.0849328732610214
PI-NPZ,2.7291666666666665,0.8644166552003987,0.08496246815991189
PI-NPZ,2.736111111111111,0.8646045092667833,0.08499384818363803
PI-NPZ,2.7430555555555554,0.8647885346175759,0.08502611091287196
PI-NPZ,2.75,0.8649697945939945,0.0850594711325917
PI-NPZ,2.756944444444444,0.8651483201249791,0.0850940371376881
PI-NPZ,2.763888888888889,0.8653237544118403,0.08512961419337023
PI-NPZ,2.770833333333333,0.8654956172150965,0.08516574515763277
PI-NPZ,2.7777777777777777,0.865664550699502,0.08520283563879788
PI-NPZ,2.784722222222222,0.8658311159135861,0.08524046965504362
PI-NPZ,2.7916666666666665,0.8659950748352923,0.08527882898061455
PI-NPZ,2.798611111111111,0.8661556910968241,0.08531840048715386
PI-NPZ,2.8055555555555554,0.8663131677123335,0.08535904261141021
PI-NPZ,2.8125,0.866467558998791,0.08540088696411453
PI-NPZ,2.819444444444444,0.8666186646226921,0.08544393126886593
PI-NPZ,2.826388888888889,0.8667659876693978,0.08548779501510151
PI-NPZ,2.833333333333333,0.8669107861852497,0.08553257336848387
PI-NPZ,2.8402777777777777,0.8670526121934914,0.08557810180283498
PI-NPZ,2.847222222222222,0.8671921698400927,0.08562370573408072
PI-NPZ,2.8541666666666665,0.8673291707782704,0.0856694286031576
PI-NPZ,2.861111111111111,0.8674641343143099,0.085715640993583
PI-NPZ,2.8680555555555554,0.8675961629644185,0.08576180105454337
PI-NPZ,2.875,0.8677250549074528,0.08580793810370792
PI-NPZ,2.881944444444444,0.8678512010699237,0.08585363993386748
PI-NPZ,2.888888888888889,0.8679748658771874,0.08589934019536206
PI-NPZ,2.895833333333333,0.8680957516079458,0.0859447528519017
PI-NPZ,2.9027777777777777,0.8682145116206299,0.08598941805057637
PI-NPZ,2.909722222222222,0.8683310641806551,0.08603374081140511
PI-NPZ,2.9166666666666665,0.8684457029971393,0.08607778599598774
PI-NPZ,2.923611111111111,0.8685591302558745,0.08612136029864904
PI-NPZ,2.9305555555555554,0.8686707881513159,0.08616479305693683
PI-NPZ,2.9375,0.8687806911079966,0.08620801540853876
PI-NPZ,2.944444444444444,0.8688896827537561,0.08625052302494804
PI-NPZ,2.951388888888889,0.8689973542570755,0.08629200456516765
PI-NPZ,2.958333333333333,0.8691049174191796,0.08633264173609029
PI-NPZ,2.9652777777777777,0.8692110832453929,0.08637206066089169
PI-NPZ,2.972222222222222,0.8693160913126683,0.0864101747387414
PI-NPZ,2.9791666666666665,0.8694204749275075,0.08644702820913173
PI-NPZ,2.986111111111111,0.8695246384947422,0.08648258379050135
PI-NPZ,2.9930555555555554,0.8696276448803402,0.0865164231463827
PI-NPZ,3.0,0.8697295271865847,0.08654859379058052
PI-NPZ,3.006944444444444,0.8698304813538182,0.08657904377946374
PI-NPZ,3.013888888888889,0.869930629324959,0.08660811437484739
PI-NPZ,3.020833333333333,0.8700297549208215,0.08663565783189045
PI-NPZ,3.0277777777777777,0.8701276187957077,0.08666179537183379
PI-NPZ,3.034722222222222,0.8702246647347851,0.0866868677141534
PI-NPZ,3.0416666666666665,0.870321457471598,0.08671093840610697
PI-NPZ,3.048611111111111,0.8704177272380842,0.08673360978199432
PI-NPZ,3.0555555555555554,0.8705141077208179,0.08675506713302081
PI-NPZ,3.0625,0.8706107145899175,0.0867754325644969
PI-NPZ,3.069444444444444,0.8707077362058392,0.08679458672079045
PI-NPZ,3.076388888888889,0.8708047763460829,0.08681278973206061
PI-NPZ,3.083333333333333,0.8709024477496421,0.0868294937815133
PI-NPZ,3.0902777777777777,0.8710001985073818,0.08684501751265576
PI-NPZ,3.097222222222222,0.8710982519724519,0.08685906749265318
PI-NPZ,3.1041666666666665,0.8711964426794766,0.08687139417675345
PI-NPZ,3.1111111111111107,0.8712943690103169,0.08688164262167468
PI-NPZ,3.1180555555555554,0.8713930471329143,0.08689011619535844
PI-NPZ,3.125,0.8714926215384788,0.08689692584355743
PI-NPZ,3.131944444444444,0.871592366792882,0.08690143567615233
PI-NPZ,3.138888888888889,0.8716927214818757,0.08690400301639283
PI-NPZ,3.145833333333333,0.8717939742579588,0.08690512777609288
PI-NPZ,3.1527777777777777,0.8718957971269289,0.08690445904825327
PI-NPZ,3.159722222222222,0.8719986422885211,0.08690225610298137
PI-NPZ,3.1666666666666665,0.8721023357844062,0.08689839672968395
PI-NPZ,3.1736111111111107,0.8722064953202405,0.08689256534901679
PI-NPZ,3.1805555555555554,0.8723113864374622,0.08688467022273191
PI-NPZ,3.1875,0.8724170920825609,0.08687491783940796
PI-NPZ,3.194444444444444,0.8725236956248509,0.08686329965365837
PI-NPZ,3.201388888888889,0.8726314463805677,0.08685011676520604
PI-NPZ,3.208333333333333,0.8727397341977475,0.08683538432296396
PI-NPZ,3.2152777777777777,0.8728483969869736,0.08681921405141618
PI-NPZ,3.222222222222222,0.8729581133108332,0.08680135235051177
PI-NPZ,3.2291666666666665,0.873068553897843,0.08678189870903316
PI-NPZ,3.2361111111111107,0.8731795225704583,0.08676082641963936
PI-NPZ,3.2430555555555554,0.8732913016505642,0.08673799329769354
PI-NPZ,3.25,0.8734043312137257,0.08671340900882755
PI-NPZ,3.256944444444444,0.8735184911716756,0.08668694006464614
PI-NPZ,3.263888888888889,0.8736334059046931,0.0866592844077286
PI-NPZ,3.270833333333333,0.8737490520646046,0.08663060238283521
PI-NPZ,3.2777777777777777,0.8738656510030246,0.08660068789852171
PI-NPZ,3.284722222222222,0.8739836352734657,0.08656954702329457
PI-NPZ,3.2916666666666665,0.8741030289260213,0.08653741329583013
PI-NPZ,3.2986111111111107,0.8742232181831753,0.08650448181935826
PI-NPZ,3.3055555555555554,0.8743444972847674,0.08646995465694422
PI-NPZ,3.3125,0.8744669455935236,0.08643373102020235
PI-NPZ,3.319444444444444,0.8745905954564049,0.08639599924641786
PI-NPZ,3.326388888888889,0.8747153083649227,0.08635676923100491
PI-NPZ,3.333333333333333,0.874841103753662,0.08631585875451206
PI-NPZ,3.3402777777777777,0.8749682868079125,0.08627358242143043
PI-NPZ,3.347222222222222,0.8750972123250118,0.0862298946068282
PI-NPZ,3.3541666666666665,0.8752275134921272,0.0861850081831606
PI-NPZ,3.3611111111111107,0.8753588722462499,0.0861386238887929
PI-NPZ,3.3680555555555554,0.8754917870386899,0.08609098557721125
PI-NPZ,3.375,0.8756259349606608,0.08604182004732165
PI-NPZ,3.381944444444444,0.8757614035640168,0.08599100628700233
PI-NPZ,3.388888888888889,0.8758984950335336,0.0859388305233098
PI-NPZ,3.395833333333333,0.8760370947463051,0.08588537368209241
PI-NPZ,3.4027777777777777,0.8761773289970416,0.08583069522379488
PI-NPZ,3.409722222222222,0.8763190293026488,0.08577473308054345
PI-NPZ,3.4166666666666665,0.8764619498406064,0.08571725159652534
PI-NPZ,3.4236111111111107,0.8766062529964538,0.08565844192252592
PI-NPZ,3.4305555555555554,0.876751803026364,0.08559821369879839
PI-NPZ,3.4375,0.876898789512929,0.08553663034741912
PI-NPZ,3.444444444444444,0.8770471892969861,0.08547373991068469
PI-NPZ,3.451388888888889,0.8771968920086098,0.08540944183486839
PI-NPZ,3.458333333333333,0.8773478345893849,0.08534380052684395
PI-NPZ,3.4652777777777777,0.8775003543860361,0.08527710429595749
PI-NPZ,3.472222222222222,0.8776543786806172,0.08520929300357344
PI-NPZ,3.4791666666666665,0.8778096728722775,0.08514016699801741
PI-NPZ,3.4861111111111107,0.8779663425464692,0.0850698818693719
PI-NPZ,3.4930555555555554,0.8781244005209543,0.08499836327404318
PI-NPZ,3.5,0.8782838675842843,0.08492571568363631
PI-NPZ,3.506944444444444,0.8784448750446678,0.08485206010052707
PI-NPZ,3.513888888888889,0.878607291078747,0.08477730584443431
PI-NPZ,3.520833333333333,0.8787711408083715,0.0847014866333811
PI-NPZ,3.5277777777777777,0.8789362425353424,0.08462454281616553
PI-NPZ,3.534722222222222,0.8791027091405561,0.08454653656844988
PI-NPZ,3.5416666666666665,0.8792702880837879,0.08446741105656314
PI-NPZ,3.5486111111111107,0.879439103517675,0.084387225478827
PI-NPZ,3.5555555555555554,0.8796091750279251,0.08430598885185737
PI-NPZ,3.5625,0.8797805276851335,0.08422375254331138
PI-NPZ,3.569444444444444,0.8799530903501981,0.08414048169263345
PI-NPZ,3.576388888888889,0.8801268156443215,0.08405616723078549
PI-NPZ,3.583333333333333,0.8803017501927725,0.08397089729685636
PI-NPZ,3.5902777777777777,0.8804779235128318,0.08388475478253317
PI-NPZ,3.597222222222222,0.880655406983781,0.08379779363804372
PI-NPZ,3.6041666666666665,0.880834216165344,0.08371005296807557
PI-NPZ,3.6111111111111107,0.8810142846340138,0.0836214718008989
PI-NPZ,3.6180555555555554,0.8811955326708959,0.08353205701662349
PI-NPZ,3.625,0.8813779808855627,0.08344184307931184
PI-NPZ,3.631944444444444,0.8815614753326052,0.08335071800930045
PI-NPZ,3.638888888888889,0.8817460756780703,0.0832587445061534
PI-NPZ,3.645833333333333,0.8819317703613364,0.08316593624149013
PI-NPZ,3.6527777777777777,0.8821185237816572,0.08307228342722771
PI-NPZ,3.659722222222222,0.8823063384423137,0.08297783397600679
PI-NPZ,3.6666666666666665,0.882495176077655,0.08288257234804934
PI-NPZ,3.6736111111111107,0.8826849932798825,0.08278648053836553
PI-NPZ,3.6805555555555554,0.8828758599569472,0.08268965084954687
PI-NPZ,3.6875,0.8830677464948389,0.08259208432306654
PI-NPZ,3.694444444444444,0.8832606431793034,0.08249381408638551
PI-NPZ,3.701388888888889,0.8834545275879512,0.08239481773067565
PI-NPZ,3.708333333333333,0.8836494402707916,0.08229520223559546
PI-NPZ,3.7152777777777777,0.8838452941211595,0.0821948957739765
PI-NPZ,3.722222222222222,0.8840420841410329,0.08209392721916042
PI-NPZ,3.7291666666666665,0.8842397411515585,0.08199223944194259
PI-NPZ,3.7361111111111107,0.8844382990231731,0.08188989497376015
PI-NPZ,3.7430555555555554,0.8846376042514696,0.0817867841801021
PI-NPZ,3.75,0.8848377433185703,0.08168299461370482
PI-NPZ,3.756944444444444,0.885038701038375,0.08157854900495576
PI-NPZ,3.763888888888889,0.8852405238925793,0.08147350612551496
PI-NPZ,3.770833333333333,0.8854431516941114,0.08136782086750585
PI-NPZ,3.7777777777777777,0.8856465753133501,0.08126153557397207
PI-NPZ,3.784722222222222,0.8858507475998519,0.08115462021412562
PI-NPZ,3.7916666666666665,0.8860556322477143,0.08104705922316605
PI-NPZ,3.7986111111111107,0.8862613183587137,0.08093897961099894
PI-NPZ,3.8055555555555554,0.8864677738717786,0.0808303665234194
PI-NPZ,3.8125,0.8866749966284231,0.08072123047406059
PI-NPZ,3.819444444444444,0.8868828774978652,0.08061153359556548
PI-NPZ,3.826388888888889,0.8870913570804764,0.08050122901697926
PI-NPZ,3.833333333333333,0.8873004845988901,0.0803903828097043
PI-NPZ,3.8402777777777777,0.8875102774685237,0.08027904642711021
PI-NPZ,3.847222222222222,0.8877206883122786,0.08016721518827434
PI-NPZ,3.8541666666666665,0.8879317251095273,0.08005489629983975
PI-NPZ,3.8611111111111107,0.8881433330051949,0.07994203543333396
PI-NPZ,3.8680555555555554,0.8883555205743151,0.0798286680028122
PI-NPZ,3.875,0.8885682758170632,0.07971482960990779
PI-NPZ,3.881944444444444,0.8887815625706086,0.07960050689143834
PI-NPZ,3.888888888888889,0.888995336069754,0.07948568549008944
PI-NPZ,3.895833333333333,0.8892096627206232,0.07937043151438457
PI-NPZ,3.9027777777777777,0.8894244234120564,0.07925466198696665
PI-NPZ,3.909722222222222,0.8896396492081541,0.07913842091168867
PI-NPZ,3.9166666666666665,0.8898553173807934,0.07902172170187881
PI-NPZ,3.9236111111111107,0.8900714367796752,0.07890460412532035
PI-NPZ,3.9305555555555554,0.8902879354077073,0.07878701348580595
PI-NPZ,3.9375,0.8905048386453054,0.0786689958934417
PI-NPZ,3.944444444444444,0.8907221372713938,0.07855056191401931
PI-NPZ,3.951388888888889,0.8909398571124911,0.07843175118373845
PI-NPZ,3.958333333333333,0.8911578849432147,0.0783124996287059
PI-NPZ,3.9652777777777777,0.8913762071903369,0.0781928053771576
PI-NPZ,3.972222222222222,0.8915948731854152,0.07807271908951527
PI-NPZ,3.9791666666666665,0.8918138562968403,0.0779522495318621
PI-NPZ,3.9861111111111107,0.8920331622590587,0.0778314052217409
PI-NPZ,3.9930555555555554,0.8922528200181413,0.07771025136390393
PI-NPZ,4.0,0.8924728025157184,0.07758877714490542
PI-NPZ,4.006944444444445,0.8926930109764549,0.07746691313708327
PI-NPZ,4.013888888888888,0.892913429590514,0.07734466442292369
PI-NPZ,4.020833333333333,0.8931340719797246,0.07722205587445564
PI-NPZ,4.027777777777778,0.8933549997418385,0.07709916633327366
PI-NPZ,4.034722222222222,0.8935761362135071,0.07697595234694782
PI-NPZ,4.041666666666666,0.8937974825379076,0.07685242105624271
PI-NPZ,4.048611111111111,0.8940189930110978,0.07672854925056394
PI-NPZ,4.055555555555555,0.8942407125824198,0.07660439853519559
PI-NPZ,4.0625,0.8944625991266933,0.07647994764099676
PI-NPZ,4.069444444444445,0.894684634172001,0.07635520101843073
PI-NPZ,4.076388888888888,0.8949067463450119,0.07623009910278664
PI-NPZ,4.083333333333333,0.8951289241077226,0.07610465351829192
PI-NPZ,4.090277777777778,0.8953512305371019,0.07597894103064477
PI-NPZ,4.097222222222222,0.8955736946692733,0.07585301516700198
PI-NPZ,4.104166666666666,0.895796279127368,0.0757268630850393
PI-NPZ,4.111111111111111,0.8960189254974052,0.0756004311139823
PI-NPZ,4.118055555555555,0.8962416359437894,0.07547374991272134
PI-NPZ,4.125,0.8964643623531628,0.07534677158257175
PI-NPZ,4.131944444444445,0.8966871736772518,0.07521957803412725
PI-NPZ,4.138888888888888,0.8969100397385312,0.07509217426683866
PI-NPZ,4.145833333333333,0.8971328589022998,0.07496447685439032
PI-NPZ,4.152777777777778,0.8973556584457096,0.07483650306920359
PI-NPZ,4.159722222222222,0.8975784300538033,0.07470826242932845
PI-NPZ,4.166666666666666,0.897801145125688,0.0745797613176103
PI-NPZ,4.173611111111111,0.8980238309730302,0.07445104592855464
PI-NPZ,4.180555555555555,0.8982464674716786,0.07432210828791233
PI-NPZ,4.1875,0.8984690814714313,0.07419298009164893
PI-NPZ,4.194444444444445,0.8986916060275758,0.07406362022387748
PI-NPZ,4.201388888888888,0.8989140381123828,0.07393403162456427
PI-NPZ,4.208333333333333,0.8991364436462671,0.07380429656195091
PI-NPZ,4.215277777777778,0.8993587682444698,0.07367437490277048
PI-NPZ,4.222222222222222,0.8995810461036892,0.07354431877871036
PI-NPZ,4.229166666666666,0.8998032265402284,0.07341409649466532
PI-NPZ,4.236111111111111,0.9000253480918305,0.07328375305235676
PI-NPZ,4.243055555555555,0.9002473522383647,0.07315324143470758
PI-NPZ,4.25,0.9004692623949248,0.0730226017354577
PI-NPZ,4.256944444444445,0.9006910220251972,0.072891789425888
PI-NPZ,4.263888888888888,0.9009126247145381,0.07276081582721557
PI-NPZ,4.270833333333333,0.9011340938799024,0.07262971920132746
PI-NPZ,4.277777777777778,0.9013554420330432,0.0724985235117317
PI-NPZ,4.284722222222222,0.9015765859043395,0.07236716962396089
PI-NPZ,4.291666666666666,0.9017975407722458,0.07223569044356319
PI-NPZ,4.298611111111111,0.9020182597033924,0.0721040388700803
PI-NPZ,4.305555555555555,0.9022387527390817,0.07197223654984006
PI-NPZ,4.3125,0.902459080344683,0.0718403469697269
PI-NPZ,4.319444444444445,0.9026791970520556,0.07170834671779691
PI-NPZ,4.326388888888888,0.9028990959007984,0.07157624177461278
PI-NPZ,4.333333333333333,0.9031187741776247,0.0714440343249795
PI-NPZ,4.340277777777778,0.9033381939912913,0.07131171598916217
PI-NPZ,4.347222222222222,0.9035573281517507,0.0711792639075737
PI-NPZ,4.354166666666666,0.9037762130307478,0.0710467275795775
PI-NPZ,4.361111111111111,0.9039948756986654,0.07091413884443805
PI-NPZ,4.368055555555555,0.9042132254709545,0.07078142366767859
PI-NPZ,4.375,0.9044312755877454,0.07064860389212312
PI-NPZ,4.381944444444445,0.9046490544077745,0.07051571745451485
PI-NPZ,4.388888888888888,0.9048665813586239,0.07038279612848375
PI-NPZ,4.395833333333333,0.9050838330926969,0.0702498235078014
PI-NPZ,4.402777777777778,0.9053007267514342,0.07011673709480455
PI-NPZ,4.409722222222222,0.9055173365353714,0.06998360294136033
PI-NPZ,4.416666666666666,0.9057336543539342,0.06985042885946817
PI-NPZ,4.423611111111111,0.9059496583156247,0.0697172123453242
PI-NPZ,4.430555555555555,0.9061653516698221,0.06958395818677973
PI-NPZ,4.4375,0.9063807197397586,0.0694506626824408
PI-NPZ,4.444444444444445,0.9065957633809584,0.06931733577905208
PI-NPZ,4.451388888888888,0.9068104890951463,0.06918399429593595
PI-NPZ,4.458333333333333,0.9070249117167714,0.069050652777202
PI-NPZ,4.465277777777778,0.9072389535211878,0.0689172585158878
PI-NPZ,4.472222222222222,0.9074526259492036,0.06878382980246286
PI-NPZ,4.479166666666666,0.9076659365865862,0.06865038460586285
PI-NPZ,4.486111111111111,0.9078788893264124,0.06851693711815977
PI-NPZ,4.493055555555555,0.9080914570831764,0.06838345729243572
PI-NPZ,4.5,0.9083036281369452,0.06824994721590721
PI-NPZ,4.506944444444444,0.9085154366192256,0.06811645024807775
PI-NPZ,4.513888888888888,0.908726898232399,0.06798298451315365
PI-NPZ,4.520833333333333,0.908937990070288,0.06784953481349609
PI-NPZ,4.527777777777778,0.9091487280813098,0.06771612414451494
PI-NPZ,4.534722222222222,0.9093590379052844,0.0675826922965786
PI-NPZ,4.541666666666666,0.9095689307660254,0.06744926510505979
PI-NPZ,4.548611111111111,0.9097784340416535,0.0673158661955911
PI-NPZ,4.555555555555555,0.9099875531469929,0.06718250945572138
PI-NPZ,4.5625,0.9101962489490303,0.06704916350735958
PI-NPZ,4.569444444444444,0.910404489593158,0.06691581169969683
PI-NPZ,4.576388888888888,0.9106122949087627,0.06678247584750063
PI-NPZ,4.583333333333333,0.9108197007567596,0.0666491925343405
PI-NPZ,4.590277777777778,0.9110266848106533,0.06651595152675047
PI-NPZ,4.597222222222222,0.9112332027739517,0.06638271114270707
PI-NPZ,4.604166666666666,0.9114393167938186,0.06624953345793386
PI-NPZ,4.611111111111111,0.9116450058628772,0.06611640530712003
PI-NPZ,4.618055555555555,0.9118502656321019,0.06598333458280929
PI-NPZ,4.625,0.912055079605674,0.06585030964806893
PI-NPZ,4.631944444444444,0.912259411418072,0.06571731236872624
PI-NPZ,4.638888888888888,0.9124632868069168,0.06558436266739182
PI-NPZ,4.645833333333333,0.9126667407556431,0.0654514916918312
PI-NPZ,4.652777777777778,0.9128697413745309,0.06531867340406196
PI-NPZ,4.659722222222222,0.9130722708629786,0.06518590758477988
PI-NPZ,4.666666666666666,0.9132743516433649,0.06505321362606276
PI-NPZ,4.673611111111111,0.9134759759191216,0.06492059080114872
PI-NPZ,4.680555555555555,0.9136771633205861,0.06478806047698579
PI-NPZ,4.6875,0.913877918485206,0.06465563464459435
PI-NPZ,4.694444444444444,0.9140782273814366,0.06452330893595783
PI-NPZ,4.701388888888888,0.9142780649960685,0.06439105927995048
PI-NPZ,4.708333333333333,0.9144774592956324,0.0642589114809219
PI-NPZ,4.715277777777778,0.914676385687793,0.06412685596746436
PI-NPZ,4.722222222222222,0.914874906352631,0.0639949451244388
PI-NPZ,4.729166666666666,0.9150729967373871,0.06386316365340235
PI-NPZ,4.736111111111111,0.915270615015049,0.06373147790016866
PI-NPZ,4.743055555555555,0.9154677568309677,0.06359989132079397
PI-NPZ,4.75,0.915664446343717,0.06346842501942913
PI-NPZ,4.756944444444444,0.9158606766210594,0.06333707767120245
PI-NPZ,4.763888888888888,0.9160564658178209,0.06320586715164185
PI-NPZ,4.770833333333333,0.9162517853833639,0.06307477499315789
PI-NPZ,4.777777777777778,0.9164466266993174,0.06294379660979578
PI-NPZ,4.784722222222222,0.9166409985138417,0.06281293832197518
PI-NPZ,4.791666666666666,0.9168348985669915,0.06268220137113442
PI-NPZ,4.798611111111111,0.9170283446024549,0.06255160170873476
PI-NPZ,4.805555555555555,0.9172213502840701,0.06242116501026377
PI-NPZ,4.8125,0.9174138890420144,0.06229087320974099
PI-NPZ,4.819444444444444,0.9176059733066887,0.06216073433305003
PI-NPZ,4.826388888888888,0.917797580501088,0.06203073362966637
PI-NPZ,4.833333333333333,0.9179887289091075,0.061900889641252836
PI-NPZ,4.840277777777778,0.9181794068565953,0.06177119619871491
PI-NPZ,4.847222222222222,0.9183696206976244,0.06164166360738344
PI-NPZ,4.854166666666666,0.9185593738864454,0.06151229563244895
PI-NPZ,4.861111111111111,0.9187486346815591,0.06138306938139762
PI-NPZ,4.868055555555555,0.9189374193916249,0.06125399712194498
PI-NPZ,4.875,0.9191257087278106,0.06112505587643332
PI-NPZ,4.881944444444444,0.9193135173648705,0.06099626082497288
PI-NPZ,4.888888888888888,0.9195008084389297,0.060867599640560904
PI-NPZ,4.895833333333333,0.9196875980511922,0.06073908426475859
PI-NPZ,4.902777777777778,0.9198739059886722,0.060610733386257165
PI-NPZ,4.909722222222222,0.9200597084805864,0.060482525998694546
PI-NPZ,4.916666666666666,0.9202450434972242,0.06035449951983868
PI-NPZ,4.923611111111111,0.9204299004622258,0.060226647383905936
PI-NPZ,4.930555555555555,0.9206142917964627,0.060098979482793344
PI-NPZ,4.9375,0.9207982135782142,0.05997149323841773
PI-NPZ,4.944444444444444,0.920981648326062,0.05984417061768191
PI-NPZ,4.951388888888888,0.9211645907883588,0.059717015776928166
PI-NPZ,4.958333333333333,0.9213470615560861,0.05959004821072088
PI-NPZ,4.965277777777778,0.9215290585417457,0.059463261635869576
PI-NPZ,4.972222222222222,0.9217105497405356,0.05933662717035169
PI-NPZ,4.979166666666666,0.9218915179406103,0.05921013164919313
PI-NPZ,4.986111111111111,0.9220720054130586,0.05908381835948817
PI-NPZ,4.993055555555555,0.9222520204132844,0.058957697253796904
PI-NPZ,5.0,0.922431547373225,0.05883175346375136
PI-NPZ,5.006944444444444,0.922610596017261,0.058705994449950234
PI-NPZ,5.013888888888888,0.9227891517807232,0.05858041488395047
PI-NPZ,5.020833333333333,0.9229672232450126,0.05845502332730195
PI-NPZ,5.027777777777778,0.9231448048419649,0.05832982010384976
PI-NPZ,5.034722222222222,0.9233218920473549,0.058204800184044996
PI-NPZ,5.041666666666666,0.9234984921966456,0.058079966693172516
PI-NPZ,5.048611111111111,0.9236746160774828,0.0579553316563055
PI-NPZ,5.055555555555555,0.9238502474515762,0.05783088730486185
PI-NPZ,5.0625,0.9240254099657073,0.05770665304120726
PI-NPZ,5.069444444444444,0.9242000993085411,0.05758262299652084
PI-NPZ,5.076388888888888,0.9243743222435792,0.05745880772004871
PI-NPZ,5.083333333333333,0.9245480545180623,0.05733518966024913
PI-NPZ,5.090277777777778,0.924721315761328,0.0572117858307168
PI-NPZ,5.097222222222222,0.9248940972323618,0.057088595043767065
PI-NPZ,5.104166666666666,0.9250664076557397,0.05696562266008745
PI-NPZ,5.111111111111111,0.9252382299647856,0.05684284700932978
PI-NPZ,5.118055555555555,0.9254095804841816,0.05672028615233935
PI-NPZ,5.125,0.9255804555005545,0.056597936624675514
PI-NPZ,5.131944444444444,0.9257508657561321,0.05647580733511398
PI-NPZ,5.138888888888888,0.9259208108700386,0.05635390315861985
PI-NPZ,5.145833333333333,0.9260902763162637,0.05623221595622531
PI-NPZ,5.152777777777778,0.9262592765886003,0.05611074869524834
PI-NPZ,5.159722222222222,0.92642780093136,0.05598949039997804
PI-NPZ,5.166666666666666,0.9265958676948916,0.055868458116590546
PI-NPZ,5.173611111111111,0.9267634521825261,0.05574763779753244
PI-NPZ,5.180555555555555,0.9269305714765746,0.05562704532497726
PI-NPZ,5.1875,0.9270972240788976,0.055506677867693074
PI-NPZ,5.194444444444444,0.9272634314621501,0.0553865528624806
PI-NPZ,5.201388888888888,0.9274291824476633,0.05526666184532586
PI-NPZ,5.208333333333333,0.9275944623150854,0.055146990250341796
PI-NPZ,5.215277777777778,0.9277592632949373,0.05502753139333699
PI-NPZ,5.222222222222222,0.927923602837597,0.05490830413366591
PI-NPZ,5.229166666666666,0.9280874755024369,0.05478930507957977
PI-NPZ,5.236111111111111,0.9282508871454137,0.054670536788211266
PI-NPZ,5.243055555555555,0.9284138426560804,0.054552002344138525
PI-NPZ,5.25,0.9285763420777114,0.054433701627282
PI-NPZ,5.256944444444444,0.9287383862229976,0.05431563752716824
PI-NPZ,5.263888888888888,0.9288999757360784,0.054197813633503636
PI-NPZ,5.270833333333333,0.9290611055628534,0.05408022525272685
PI-NPZ,5.277777777777778,0.9292217880383048,0.05396288064100502
PI-NPZ,5.284722222222222,0.9293820219856134,0.053845782755586435
PI-NPZ,5.291666666666666,0.9295418015664823,0.05372892666183568
PI-NPZ,5.298611111111111,0.9297011148905421,0.05361229869349866
PI-NPZ,5.305555555555555,0.9298599818382346,0.053495915021868935
PI-NPZ,5.3125,0.9300183992686026,0.05337977554387186
PI-NPZ,5.319444444444444,0.9301763380633852,0.05326385698992872
PI-NPZ,5.326388888888888,0.9303338085287939,0.05314816694194352
PI-NPZ,5.333333333333333,0.9304908325693487,0.05303272465099811
PI-NPZ,5.340277777777778,0.9306473987200666,0.05291752175788883
PI-NPZ,5.347222222222222,0.930803510862765,0.05280256278826723
PI-NPZ,5.354166666666666,0.9309591770038587,0.052687847953363585
PI-NPZ,5.361111111111111,0.9311143963465351,0.05257337342589407
PI-NPZ,5.368055555555555,0.9312691842550799,0.05245915690293342
PI-NPZ,5.375,0.9314235326801974,0.05234519383796684
PI-NPZ,5.381944444444444,0.9315774494988,0.052231487322935144
PI-NPZ,5.388888888888888,0.9317309216176344,0.05211802959848735
PI-NPZ,5.395833333333333,0.9318839483216058,0.0520048172759991
PI-NPZ,5.402777777777778,0.9320365380474783,0.051891861613973585
PI-NPZ,5.409722222222222,0.9321886848396178,0.051779147261150606
PI-NPZ,5.416666666666666,0.9323403982104583,0.051666682310457256
PI-NPZ,5.423611111111111,0.93249167571001,0.05155446504489885
PI-NPZ,5.430555555555555,0.9326425290499398,0.0514425045857323
PI-NPZ,5.4375,0.9327929591196858,0.05133080780776231
PI-NPZ,5.444444444444444,0.9329429652546984,0.05121937802444382
PI-NPZ,5.451388888888888,0.9330925427483021,0.05110820985951617
PI-NPZ,5.458333333333333,0.9332416793676875,0.050997285224218626
PI-NPZ,5.465277777777778,0.9333903936194631,0.050886620286561185
PI-NPZ,5.472222222222222,0.9335386794891555,0.05077621122621653
PI-NPZ,5.479166666666666,0.9336865323867337,0.05066605195900047
PI-NPZ,5.486111111111111,0.9338339585350989,0.050556150453079506
PI-NPZ,5.493055555555555,0.9339809688892442,0.050446514958188596
PI-NPZ,5.5,0.9341275598000007,0.050337141337339006
PI-NPZ,5.506944444444444,0.9342737202353067,0.05022801797599887
PI-NPZ,5.513888888888888,0.9344194491612251,0.050119147053343666
PI-NPZ,5.520833333333333,0.9345647481318404,0.05001052889766959
PI-NPZ,5.527777777777778,0.934709611738824,0.049902158176588635
PI-NPZ,5.534722222222222,0.9348540406342315,0.049794034855105716
PI-NPZ,5.541666666666666,0.9349980617935173,0.04968618080682937
PI-NPZ,5.548611111111111,0.9351416608184381,0.049578587509609875
PI-NPZ,5.555555555555555,0.9352848368252507,0.04947125317425323
PI-NPZ,5.5625,0.9354275854080122,0.04936416770217245
PI-NPZ,5.569444444444444,0.9355699248526114,0.04925734762856567
PI-NPZ,5.576388888888888,0.9357118513800768,0.04915078918627608
PI-NPZ,5.583333333333333,0.9358533647596161,0.04904448996494104
PI-NPZ,5.590277777777778,0.9359944718099259,0.04893845559274264
PI-NPZ,5.597222222222222,0.9361351684496237,0.04883268378263041
PI-NPZ,5.604166666666666,0.9362754681588531,0.048727181554637164
PI-NPZ,5.611111111111111,0.9364153641630709,0.04862194281191347
PI-NPZ,5.618055555555555,0.9365548327123819,0.048516950726222294
PI-NPZ,5.625,0.9366938932910155,0.048412220195714006
PI-NPZ,5.631944444444444,0.9368325418137669,0.04830775016448823
PI-NPZ,5.638888888888888,0.9369707792872388,0.04820353723403215
PI-NPZ,5.645833333333333,0.9371086024676181,0.048099579177316755
PI-NPZ,5.652777777777778,0.9372460247888554,0.04799588566670965
PI-NPZ,5.659722222222222,0.9373830448258216,0.04789245185704454
PI-NPZ,5.666666666666666,0.9375196663148126,0.04778928292997656
PI-NPZ,5.673611111111111,0.9376558907605558,0.04768637819936877
PI-NPZ,5.680555555555555,0.9377917197994626,0.047583738160310626
PI-NPZ,5.6875,0.9379271519177306,0.04748136244777446
PI-NPZ,5.694444444444444,0.9380621879457149,0.04737924973321861
PI-NPZ,5.701388888888888,0.9381968260116966,0.0472773981575992
PI-NPZ,5.708333333333333,0.9383310745737493,0.047175812705110176
PI-NPZ,5.715277777777778,0.938464924935606,0.047074485767219544
PI-NPZ,5.722222222222222,0.938598370638973,0.046973415337103926
PI-NPZ,5.729166666666666,0.9387314250089893,0.04687260897731842
PI-NPZ,5.736111111111111,0.938864092073505,0.04677206891043974
PI-NPZ,5.743055555555555,0.9389963502960094,0.046671775308636594
PI-NPZ,5.75,0.939128206429232,0.04657173430589305
PI-NPZ,5.756944444444444,0.9392596817323006,0.04647196210968567
PI-NPZ,5.763888888888888,0.9393907836037646,0.04637246399973593
PI-NPZ,5.770833333333333,0.9395215090997836,0.0462732368809949
PI-NPZ,5.777777777777778,0.9396518609396319,0.04617428270103551
PI-NPZ,5.784722222222222,0.9397818370021358,0.046075601079532916
PI-NPZ,5.791666666666666,0.9399114359897073,0.04597718805026865
PI-NPZ,5.798611111111111,0.9400406673773832,0.04587904964803048
PI-NPZ,5.805555555555555,0.9401695275143771,0.04578118197248304
PI-NPZ,5.8125,0.9402979968219067,0.045683565190040784
PI-NPZ,5.819444444444444,0.9404260675149605,0.04558619437598934
PI-NPZ,5.826388888888888,0.9405537377339732,0.045489070565813416
PI-NPZ,5.833333333333333,0.9406810152972206,0.045392199863885103
PI-NPZ,5.840277777777778,0.9408079233607004,0.045295599873484284
PI-NPZ,5.847222222222222,0.9409344513390213,0.04519926043505187
PI-NPZ,5.854166666666666,0.9410605958350051,0.045103178466561894
PI-NPZ,5.861111111111111,0.9411863522372758,0.04500734669391421
PI-NPZ,5.868055555555555,0.9413117303242188,0.04491177120419369
PI-NPZ,5.875,0.9414367336029441,0.04481645389294006
PI-NPZ,5.881944444444444,0.9415613588199229,0.04472139514006941
PI-NPZ,5.888888888888888,0.9416856106214226,0.04462659507545843
PI-NPZ,5.895833333333333,0.9418094972680247,0.0445320627101173
PI-NPZ,5.902777777777778,0.9419330074588228,0.04443778383604485
PI-NPZ,5.909722222222222,0.9420561547383627,0.044343769582790536
PI-NPZ,5.916666666666666,0.9421789402479857,0.044250022704288856
PI-NPZ,5.923611111111111,0.942301349095867,0.04415652831740937
PI-NPZ,5.930555555555555,0.9424233850605388,0.04406328645671893
PI-NPZ,5.9375,0.9425450515584527,0.04397030023515309
PI-NPZ,5.944444444444444,0.9426663385664841,0.04387756072895867
PI-NPZ,5.951388888888888,0.9427872618062487,0.043785079678311904
PI-NPZ,5.958333333333333,0.9429078255198594,0.04369286124821707
PI-NPZ,5.965277777777778,0.9430280233626664,0.04360090490324521
PI-NPZ,5.972222222222222,0.9431478554927563,0.04350920528434212
PI-NPZ,5.979166666666666,0.9432673214148973,0.04341775843019629
PI-NPZ,5.986111111111111,0.943386438071285,0.043326576264161004
PI-NPZ,5.993055555555555,0.9435052049367538,0.04323565792652278
PI-NPZ,6.0,0.943623617882049,0.0431450004192561
PI-NPZ,6.006944444444444,0.9437416839718267,0.043054610114540176
PI-NPZ,6.013888888888888,0.9438594018301703,0.042964484275194684
PI-NPZ,6.020833333333333,0.9439767682821019,0.042874622338430826
PI-NPZ,6.027777777777778,0.944093776726226,0.04278501445174015
PI-NPZ,6.034722222222222,0.9442104254928984,0.04269566106144632
PI-NPZ,6.041666666666666,0.944326713874358,0.04260656130653113
PI-NPZ,6.048611111111111,0.9444426487598486,0.042517718059561616
PI-NPZ,6.055555555555555,0.9445582189644794,0.04242912129040404
PI-NPZ,6.0625,0.9446734210235693,0.04234076815749277
PI-NPZ,6.069444444444444,0.9447882754763474,0.04225267260411763
PI-NPZ,6.076388888888888,0.9449027886057981,0.04216483817239261
PI-NPZ,6.083333333333333,0.9450169514356532,0.04207725887966864
PI-NPZ,6.090277777777778,0.9451307710068214,0.04198994078979495
PI-NPZ,6.097222222222222,0.9452442406194644,0.04190287843444392
PI-NPZ,6.104166666666666,0.945357361528267,0.0418160720897476
PI-NPZ,6.111111111111111,0.945470139677229,0.04172952353292694
PI-NPZ,6.118055555555555,0.9455825801022123,0.04164323529860662
PI-NPZ,6.125,0.9456946821407524,0.041557204711642336
PI-NPZ,6.131944444444444,0.9458064367042462,0.041471423667645724
PI-NPZ,6.138888888888888,0.9459178392197839,0.0413858899550604
PI-NPZ,6.145833333333333,0.9460289030785543,0.04130060999771819
PI-NPZ,6.152777777777778,0.9461396169285845,0.04121557261598236
PI-NPZ,6.159722222222222,0.9462499815390384,0.04113078009669992
PI-NPZ,6.166666666666666,0.9463599882177764,0.04104622262656677
PI-NPZ,6.173611111111111,0.946469645042031,0.040961906011663184
PI-NPZ,6.180555555555555,0.9465789581536316,0.04087783909984493
PI-NPZ,6.1875,0.9466879317205648,0.04079402144160101
PI-NPZ,6.194444444444444,0.9467965709273627,0.040710456759232
PI-NPZ,6.201388888888888,0.9469048757672948,0.04062714327442959
PI-NPZ,6.208333333333333,0.9470128458507099,0.04054407885516043
PI-NPZ,6.215277777777778,0.9471204779490882,0.04046126041324677
PI-NPZ,6.222222222222221,0.9472277633128671,0.04037868413567706
PI-NPZ,6.229166666666666,0.9473346985462885,0.04029634347851087
PI-NPZ,6.236111111111111,0.9474412960218218,0.04021424667252185
PI-NPZ,6.243055555555555,0.9475475538112342,0.04013239434573561
PI-NPZ,6.25,0.9476534708483022,0.040050781119664716
PI-NPZ,6.256944444444444,0.9477590597609632,0.03996941698552022
PI-NPZ,6.263888888888888,0.947864315760198,0.03988829598596143
PI-NPZ,6.270833333333333,0.9479692411866518,0.039807416901288556
PI-NPZ,6.277777777777778,0.9480738353594771,0.0397267786187764
PI-NPZ,6.284722222222221,0.9481780957337461,0.039646381090949326
PI-NPZ,6.291666666666666,0.9482820253490062,0.039566227283160706
PI-NPZ,6.298611111111111,0.9483856224869592,0.039486315047791015
PI-NPZ,6.305555555555555,0.9484888998479638,0.03940665082477459
PI-NPZ,6.3125,0.9485918437194905,0.03932722245437456
PI-NPZ,6.319444444444444,0.9486944531015914,0.03924802839133726
PI-NPZ,6.326388888888888,0.948796740806219,0.039169078440199144
PI-NPZ,6.333333333333333,0.9488987035666068,0.03909037072218547
PI-NPZ,6.340277777777778,0.9490003490561346,0.03901191181439346
PI-NPZ,6.347222222222221,0.9491016794386049,0.03893370150926929
PI-NPZ,6.354166666666666,0.9492026915207046,0.038855736439329845
PI-NPZ,6.361111111111111,0.9493033815912761,0.03877801245552232
PI-NPZ,6.368055555555555,0.9494037429993858,0.038700521383199495
PI-NPZ,6.375,0.9495037775837825,0.03862326332151042
PI-NPZ,6.381944444444444,0.9496034865232718,0.03854623724555129
PI-NPZ,6.388888888888888,0.9497028767435146,0.038469449780017734
PI-NPZ,6.395833333333333,0.9498019458525899,0.03839289933319477
PI-NPZ,6.402777777777778,0.9499006943392342,0.03831658296172164
PI-NPZ,6.409722222222221,0.9499991348243959,0.038240511962507155
PI-NPZ,6.416666666666666,0.9500972611943829,0.03816468358975041
PI-NPZ,6.423611111111111,0.9501950774656401,0.03808909694317217
PI-NPZ,6.430555555555555,0.9502925773166891,0.038013744873836616
PI-NPZ,6.4375,0.9503897519221713,0.03793861923826385
PI-NPZ,6.444444444444444,0.9504866116166246,0.03786372804490393
PI-NPZ,6.451388888888888,0.9505831670922608,0.03778907930847458
PI-NPZ,6.458333333333333,0.9506794164429782,0.037714670550607995
PI-NPZ,6.465277777777778,0.9507753583636215,0.03764050185505711
PI-NPZ,6.472222222222221,0.950870997257906,0.03756657477013207
PI-NPZ,6.479166666666666,0.9509663263412402,0.03749288152891229
PI-NPZ,6.486111111111111,0.9510613427901254,0.03741942039999807
PI-NPZ,6.493055555555555,0.9511560524387732,0.03734619570354531
PI-NPZ,6.5,0.9512504599353242,0.03727320714316802
PI-NPZ,6.506944444444444,0.9513445597000786,0.03720044926153586
PI-NPZ,6.513888888888888,0.9514383537962878,0.037127924083045216
PI-NPZ,6.520833333333333,0.9515318496433969,0.037055638058587456
PI-NPZ,6.527777777777778,0.9516250231943238,0.03698356856882772
PI-NPZ,6.534722222222221,0.9517178833025934,0.03691172173052834
PI-NPZ,6.541666666666666,0.9518104512769451,0.036840115723463955
PI-NPZ,6.548611111111111,0.9519027160130854,0.03676873907443337
PI-NPZ,6.555555555555555,0.9519946685702259,0.036697582170524094
PI-NPZ,6.5625,0.9520863087688846,0.03662664268891776
PI-NPZ,6.569444444444444,0.9521776381966205,0.036555922636209784
PI-NPZ,6.576388888888888,0.9522686666713076,0.03648543142098911
PI-NPZ,6.583333333333333,0.9523593964863054,0.03641516759551019
PI-NPZ,6.590277777777778,0.9524498383653178,0.03634514117864049
PI-NPZ,6.597222222222221,0.9525399884812619,0.036275348485306516
PI-NPZ,6.604166666666666,0.95262983460093,0.03620577660838734
PI-NPZ,6.611111111111111,0.9527193765285246,0.03613642527446439
PI-NPZ,6.618055555555555,0.9528086290659832,0.03606730730723465
PI-NPZ,6.625,0.9528975795926528,0.035998414099409584
PI-NPZ,6.631944444444444,0.9529862251947754,0.0359297383654722
PI-NPZ,6.638888888888888,0.9530745647497838,0.03586127742933434
PI-NPZ,6.645833333333333,0.9531625915898844,0.03579302441111208
PI-NPZ,6.652777777777778,0.9532503168035223,0.03572498926370988
PI-NPZ,6.659722222222221,0.9533377493048399,0.035657176510382325
PI-NPZ,6.666666666666666,0.9534248878651669,0.03558958420157104
PI-NPZ,6.673611111111111,0.9535117338692406,0.03552221333992091
PI-NPZ,6.680555555555555,0.9535982846119386,0.03545506091103387
PI-NPZ,6.6875,0.9536845421447747,0.03538812574524434
PI-NPZ,6.694444444444444,0.9537705112456731,0.035321412477450284
PI-NPZ,6.701388888888888,0.953856196705099,0.035254926422167175
PI-NPZ,6.708333333333333,0.9539415950246394,0.03518866381747347
PI-NPZ,6.715277777777778,0.9540267044796957,0.035122621597215395
PI-NPZ,6.722222222222221,0.9541115211449274,0.03505679315063975
PI-NPZ,6.729166666666666,0.9541960486882826,0.03499118136109184
PI-NPZ,6.736111111111111,0.9542802766834763,0.03492577551656302
PI-NPZ,6.743055555555555,0.9543642101435322,0.03486057863812528
PI-NPZ,6.75,0.9544478482218236,0.03479558833023681
PI-NPZ,6.756944444444444,0.9545311948393354,0.034730807058655395
PI-NPZ,6.763888888888888,0.9546142556690029,0.034666239906327556
PI-NPZ,6.770833333333333,0.9546970445581294,0.0346018996681981
PI-NPZ,6.777777777777778,0.9547795448524358,0.03453776864047293
PI-NPZ,6.784722222222221,0.9548617521414408,0.034473844766802576
PI-NPZ,6.791666666666666,0.9549436643199579,0.034410124190146274
PI-NPZ,6.798611111111111,0.9550252768702964,0.0343465990552767
PI-NPZ,6.805555555555555,0.9551066097182364,0.034283288788286105
PI-NPZ,6.8125,0.955187661745836,0.034220190786091696
PI-NPZ,6.819444444444444,0.9552684275027493,0.0341572986797271
PI-NPZ,6.826388888888888,0.955348908000431,0.034094613180576966
PI-NPZ,6.833333333333333,0.9554291076262698,0.034032137916180254
PI-NPZ,6.840277777777778,0.9555090217798434,0.03396986616619649
PI-NPZ,6.847222222222221,0.955588650108895,0.033907797003322505
PI-NPZ,6.854166666666666,0.9556679943590468,0.03384593037438954
PI-NPZ,6.861111111111111,0.9557470616067284,0.03378427378837843
PI-NPZ,6.868055555555555,0.9558258538615593,0.03372282788586755
PI-NPZ,6.875,0.9559043626487643,0.033661582340282284
PI-NPZ,6.881944444444444,0.9559825835540966,0.03360053163445695
PI-NPZ,6.888888888888888,0.9560605320300408,0.03353969088284255
PI-NPZ,6.895833333333333,0.9561382033398583,0.03347905564190657
PI-NPZ,6.902777777777778,0.956215590932681,0.03341861795980774
PI-NPZ,6.909722222222221,0.9562926993548305,0.033358380225283486
PI-NPZ,6.916666666666666,0.9563695215133388,0.033298335485759514
PI-NPZ,6.923611111111111,0.9564460666412093,0.033238492063174065
PI-NPZ,6.930555555555555,0.9565223285911246,0.033178842978921576
PI-NPZ,6.9375,0.9565983120841727,0.0331193914104555
PI-NPZ,6.944444444444444,0.9566740232765494,0.033060142259026995
PI-NPZ,6.951388888888888,0.9567494626392238,0.03300109417339495
PI-NPZ,6.958333333333333,0.9568246322243156,0.03294224867392137
PI-NPZ,6.965277777777778,0.9568995241071558,0.032883596090283206
PI-NPZ,6.972222222222221,0.9569741398930378,0.03282513743932493
PI-NPZ,6.979166666666666,0.9570484856464214,0.03276687946807159
PI-NPZ,6.986111111111111,0.9571225515363662,0.0327088095721592
PI-NPZ,6.993055555555555,0.9571963397638455,0.032650930364325946
PI-NPZ,7.0,0.9572698447225265,0.03259323339655419
PI-NPZ,-1.0,0.8917299145360271,0.058003093926097656
